Workbook

Sheet 使い方
A1: ローンチチーム管理表｜使い方と運用ルール
A2: 黄色セル＝入力欄／白セル＝自動計算（触らない） ※メニュー「🚀ローンチ管理」はGAS（Code.gs）を入れると表示されます
A4: ■ 全体の流れ
B5: 声かけ → 【CCS追っかけ】で入会まで追う → 申込書・入金・同意書の3つに✓ → 自動で【入会後行動リスト】に本人とDNAのタスクが作られる → 毎日決まった時刻に、遅れている人・LINE未参加の人をメールでアラート
A6: ■ シート構成
A7: 📊ダッシュボード | B7: 全ローンチの進捗・信号・体制・入会後タスクの遅れを一覧（自動計算）。週次ローンチMTGはこの画面で進行。
A8: 全体管理 | B8: 従来の全体管理表と同じ並び。各LDシートから自動集約（入力不要）。
A9: 週次推移 | B9: 10/5スタートの13週（年末まで）。声かけ・面談・CCS実施・正式化の週ごとの推移。開始日は設定シートで変更可。
A10: CCS追っかけ | B10: リストアップ〜入会までの台帳。1人1行。担当（リストアップしたメンバー）がCCSまで追いかける。現状・次のアクション・期日を入れ、申込書・振込控え・プリコア同意書の3点✓で『✅正式』。
A11: 担当別CCS | B11: ローンチ×担当メンバーごとの、リストアップ数・お誘い中・CCS済・入会数（GASが毎日更新）。
A12: 入会後行動リスト | B12: 入会者ごとの行動（本人のタスク＋DNAのタスク）。GASが自動で作成。完了したら✓。LINEグループに入ったのを確認したら『LINEグループに参加』に✓。
A13: 入会後進捗 | B13: 入会者×行動のマトリクス（GASが毎日自動更新）。誰が何で止まっているかを一目で確認。
A14: 日次ログ | B14: 毎日の活動を1ローンチ1行で記録。
A15: 各LDシート | B15: LDが自分のチーム形成・フェーズ情報を入力。
A16: 行動マスタ | B16: 入会後の流れ（ハルモニアのメンバー表の項目）。本人/DNA・担当ロール・期限=正式化日+何日・本人リマインド要否。ここを変えると次の入会者から反映。
A17: 通知先 | B17: ローンチごとのLDメール・CC・メンバー用LINEグループ招待URLと、DNAのメールアドレス。
A18: 設定 | B18: 期限日数・アラートの判定日数・プルダウン項目。
A19: アラートログ | B19: メール送信履歴（自動）。
A20: ■ 毎日（担当メンバー・LD・5分）
B21: ① 担当メンバー：届いたメールを見て見込み客に連絡 → CCS追っかけの現状・次のアクション・期日を更新（編集すると最終接触日が自動で今日になります）
B22: ② 入会後行動リストで終わったタスクに✓（完了日は自動） ③ 日次ログに1行（0の日も0で入力）
A23: ■ 毎週（月曜 9:00 ローンチMTG前まで）
B24: 各LDシートの『ローンチ進捗』を更新 → MTGはダッシュボードの🔴→🟡→🟢の順に確認
A25: ■ 自動アラート（メール）
B26: 毎日決まった時刻にメールが届きます：①ローンチまとめ（LD＋CC宛て）②自分の担当分だけ（担当メンバー・DNA宛て）③全ローンチのまとめ（OM宛て）
B27: アラート対象：期日超過／最終接触からN日放置／CCS後の申込待ち・振込待ち・同意書待ち／次アクション未設定／入会後タスクの期限切れ（LINEグループ未参加は初回定例会が近いと⚠付きで先頭に）
B28: 本人へのリマインドメール（LINE招待URL付き）は、行動マスタで『要』のタスクだけ。GASのCONFIGでONにします。
B29: メールの『シートを開く』ボタンから、そのまま管理表に飛べます。アラートが0件の人にはメールは届きません。
A30: ■ メールを見落とさないために（DNAにお願いすること）
B31: ① スマホのGmailアプリで、送信元アドレスを連絡先に登録し、通知をONにする
B32: ② 件名が【要対応】【ローンチアラート】で始まるメールにスターを付けるフィルタを作る（Gmail → 設定 → フィルタ）
A33: ■ ルール（RCS ローンチ方針より）
B34: ・プリコア人数は『申込書提出・入金・プリコア同意書』の3つが揃った人のみカウント
B35: ・フェーズ1は6週間、フェーズ2は4週間が期限。期限内未達の場合は全員と面談し、①継続 ②他チャプター紹介 ③返金 の3択を提示
B36: ・フェーズ3以降はメンバー都合の返金不可。フェーズ3 Week1で必ず説明しコミットメントを取り付ける
B37: ・新メンバーには必ずウェルカムコール／1年目メンバーにはベーシック受講を確認（行動マスタに組み込み済み）
A38: ■ GASの入れ方
B39: ① Googleスプレッドシートで開く → 拡張機能 → Apps Script → Code.gs に貼り付けて保存
B40: ② シートを再読み込み → メニュー「🚀ローンチ管理」→「初期チェック」→ 権限を許可
B41: ③ 通知先シートにLDメールと、担当メンバー・DNAのメールを入力 →「アラートをプレビュー」で内容確認 →「今すぐ送信」（最初はTEST_MODEでOMにだけ届く）
B42: ④ 問題なければ Code.gs の TEST_MODE を false にして保存 →「自動実行をON」
A43: ■ 新しいLD・ローンチを追加するとき
B44: ① 既存のLDシートを複製してシート名をLD名に → ② ダッシュボードA列の空き行にLD名 → ③ 設定のLD一覧・通知先シートに追加

Sheet 📊ダッシュボード
A1: 📊 ローンチ ダッシュボード（全チーム）
A2: A列にLD名（シート名と同じ）を入れるだけで自動集計。🔴→🟡→🟢の順に週次MTGで確認
A4: 稼働中ローンチ | B4: 正式プリコア合計 | C4: 🔴 要対策 | D4: 🟡 要注意 | E4: 直近7日 面談合計 | F4: 本日ログ入力数 | G4: ログ停滞ローンチ | H4: 入会前アラート | I4: 入会後タスク遅れ | J4: LINEグループ未招待
A5: =COUNTIF(E8:E27,"フェーズ*") | B5: =SUM(J8:J27) | C5: =COUNTIF(M8:M27,"🔴*") | D5: =COUNTIF(M8:M27,"🟡*") | E5: =SUM(O8:O27) | F5: =COUNTIF('日次ログ'!$A$5:$A$1504,TODAY()) | G5: =SUMPRODUCT((LEFT(E8:E27,4)="フェーズ")*(((P8:P27="")+(IFERROR(TODAY()-P8:P27,0)>='設定'!$B$8))>0)) | H5: =COUNTIF('CCS追っかけ'!$W$5:$W$504,"?*") | I5: =COUNTIF('入会後行動リスト'!$J$5:$J$2004,"期限超過") | J5: =COUNTIFS('入会後行動リスト'!$D$5:$D$2004,"*LINEグループ*",'入会後行動リスト'!$H$5:$H$2004,"<>✓")
A7: ローンチディレクター | B7: チーム | C7: チャプター名 | D7: 初回定例会目安 | E7: 現フェーズ | F7: フェーズ開始日 | G7: フェーズ期限 | H7: 残日数 | I7: 目標人数 | J7: 正式プリコア | K7: 手続き中・入会前 | L7: 達成率 | M7: 判定 | N7: 直近7日 声かけ | O7: 直近7日 面談 | P7: 最終ログ日 | Q7: 体制 (承諾/記入) | R7: 今週の課題・EDへの相談 | S7: 詳細シート | T7: 入会後 タスク遅れ | U7: CCS済 （累計）
A8: 竹尾純子 | B8: =IF($A8="","",IFERROR(IF(INDIRECT("'"&$A8&"'!B4")="","",INDIRECT("'"&$A8&"'!B4")),"")) | C8: =IF($A8="","",IFERROR(IF(INDIRECT("'"&$A8&"'!B6")="","",INDIRECT("'"&$A8&"'!B6")),"")) | D8: =IF($A8="","",IFERROR(IF(INDIRECT("'"&$A8&"'!B8")="","",INDIRECT("'"&$A8&"'!B8")),"")) | E8: =IF($A8="","",IFERROR(IF(INDIRECT("'"&$A8&"'!B24")="","",INDIRECT("'"&$A8&"'!B24")),"")) | F8: =IF($A8="","",IFERROR(IF(INDIRECT("'"&$A8&"'!B25")="","",INDIRECT("'"&$A8&"'!B25")),"")) | G8: =IF(OR($A8="",F8=""),"",IF(E8="フェーズ1",F8+'設定'!$B$4,IF(E8="フェーズ2",F8+'設定'!$B$5,""))) | H8: =IF(G8="","",G8-TODAY()) | I8: =IF($A8="","",IFERROR(IF(INDIRECT("'"&$A8&"'!B26")="","",INDIRECT("'"&$A8&"'!B26")),"")) | J8: =IF($A8="","",COUNTIFS('CCS追っかけ'!$B$5:$B$504,$A8,'CCS追っかけ'!$P$5:$P$504,"✅正式")) | K8: =IF($A8="","",COUNTIFS('CCS追っかけ'!$B$5:$B$504,$A8,'CCS追っかけ'!$D$5:$D$504,"<>",'CCS追っかけ'!$V$5:$V$504,"<>辞退")-J8) | L8: =IF(OR($A8="",I8="",I8=0),"",J8/I8) | M8: =IF(OR($A8="",I8="",F8=""),"",IF(J8>=I8,"🟢達成",IF(G8="","🟡進行中",IF(H8<0,"🔴期限超過",IF(AND(H8<='設定'!$B$7,J8<I8*0.8),"🔴期限間近",IF(J8>=I8*MIN(1,(TODAY()-F8)/(G8-F8)),"🟢順調",IF(J8>=I8*MIN(1,(TODAY()-F8)/(G8-F8))*'設定'!$B$6,"🟡要注意","🔴遅れ"))))))) | N8: =IF($A8="","",SUMIFS('日次ログ'!$D$5:$D$1504,'日次ログ'!$B$5:$B$1504,$A8,'日次ログ'!$A$5:$A$1504,">="&(TODAY()-6))) | O8: =IF($A8="","",SUMIFS('日次ログ'!$F$5:$F$1504,'日次ログ'!$B$5:$B$1504,$A8,'日次ログ'!$A$5:$A$1504,">="&(TODAY()-6))) | P8: =IF($A8="","",IF(COUNTIF('日次ログ'!$B$5:$B$1504,$A8)=0,"",_xlfn.MAXIFS('日次ログ'!$A$5:$A$1504,'日次ログ'!$B$5:$B$1504,$A8))) | Q8: =IF($A8="","",IFERROR(COUNTIF(INDIRECT("'"&$A8&"'!E9:E21"),"承諾")&" / "&COUNTA(INDIRECT("'"&$A8&"'!B9:B21")),"")) | R8: =IF($A8="","",IFERROR(IF(INDIRECT("'"&$A8&"'!B27")="","",INDIRECT("'"&$A8&"'!B27")),"")) | S8: =IF($A8="","",IFERROR(IF(INDIRECT("'"&$A8&"'!B28")="","",INDIRECT("'"&$A8&"'!B28")),"")) | T8: =IF($A8="","",COUNTIFS('入会後行動リスト'!$B$5:$B$2004,$A8,'入会後行動リスト'!$J$5:$J$2004,"期限超過")) | U8: =IF($A8="","",COUNTIFS('CCS追っかけ'!$B$5:$B$504,$A8,'CCS追っかけ'!$J$5:$J$504,"CCS済")+COUNTIFS('CCS追っかけ'!$B$5:$B$504,$A8,'CCS追っかけ'!$P$5:$P$504,"✅正式",'CCS追っかけ'!$J$5:$J$504,"<>CCS済"))
A9: 福重孝一 | B9: =IF($A9="","",IFERROR(IF(INDIRECT("'"&$A9&"'!B4")="","",INDIRECT("'"&$A9&"'!B4")),"")) | C9: =IF($A9="","",IFERROR(IF(INDIRECT("'"&$A9&"'!B6")="","",INDIRECT("'"&$A9&"'!B6")),"")) | D9: =IF($A9="","",IFERROR(IF(INDIRECT("'"&$A9&"'!B8")="","",INDIRECT("'"&$A9&"'!B8")),"")) | E9: =IF($A9="","",IFERROR(IF(INDIRECT("'"&$A9&"'!B24")="","",INDIRECT("'"&$A9&"'!B24")),"")) | F9: =IF($A9="","",IFERROR(IF(INDIRECT("'"&$A9&"'!B25")="","",INDIRECT("'"&$A9&"'!B25")),"")) | G9: =IF(OR($A9="",F9=""),"",IF(E9="フェーズ1",F9+'設定'!$B$4,IF(E9="フェーズ2",F9+'設定'!$B$5,""))) | H9: =IF(G9="","",G9-TODAY()) | I9: =IF($A9="","",IFERROR(IF(INDIRECT("'"&$A9&"'!B26")="","",INDIRECT("'"&$A9&"'!B26")),"")) | J9: =IF($A9="","",COUNTIFS('CCS追っかけ'!$B$5:$B$504,$A9,'CCS追っかけ'!$P$5:$P$504,"✅正式")) | K9: =IF($A9="","",COUNTIFS('CCS追っかけ'!$B$5:$B$504,$A9,'CCS追っかけ'!$D$5:$D$504,"<>",'CCS追っかけ'!$V$5:$V$504,"<>辞退")-J9) | L9: =IF(OR($A9="",I9="",I9=0),"",J9/I9) | M9: =IF(OR($A9="",I9="",F9=""),"",IF(J9>=I9,"🟢達成",IF(G9="","🟡進行中",IF(H9<0,"🔴期限超過",IF(AND(H9<='設定'!$B$7,J9<I9*0.8),"🔴期限間近",IF(J9>=I9*MIN(1,(TODAY()-F9)/(G9-F9)),"🟢順調",IF(J9>=I9*MIN(1,(TODAY()-F9)/(G9-F9))*'設定'!$B$6,"🟡要注意","🔴遅れ"))))))) | N9: =IF($A9="","",SUMIFS('日次ログ'!$D$5:$D$1504,'日次ログ'!$B$5:$B$1504,$A9,'日次ログ'!$A$5:$A$1504,">="&(TODAY()-6))) | O9: =IF($A9="","",SUMIFS('日次ログ'!$F$5:$F$1504,'日次ログ'!$B$5:$B$1504,$A9,'日次ログ'!$A$5:$A$1504,">="&(TODAY()-6))) | P9: =IF($A9="","",IF(COUNTIF('日次ログ'!$B$5:$B$1504,$A9)=0,"",_xlfn.MAXIFS('日次ログ'!$A$5:$A$1504,'日次ログ'!$B$5:$B$1504,$A9))) | Q9: =IF($A9="","",IFERROR(COUNTIF(INDIRECT("'"&$A9&"'!E9:E21"),"承諾")&" / "&COUNTA(INDIRECT("'"&$A9&"'!B9:B21")),"")) | R9: =IF($A9="","",IFERROR(IF(INDIRECT("'"&$A9&"'!B27")="","",INDIRECT("'"&$A9&"'!B27")),"")) | S9: =IF($A9="","",IFERROR(IF(INDIRECT("'"&$A9&"'!B28")="","",INDIRECT("'"&$A9&"'!B28")),"")) | T9: =IF($A9="","",COUNTIFS('入会後行動リスト'!$B$5:$B$2004,$A9,'入会後行動リスト'!$J$5:$J$2004,"期限超過")) | U9: =IF($A9="","",COUNTIFS('CCS追っかけ'!$B$5:$B$504,$A9,'CCS追っかけ'!$J$5:$J$504,"CCS済")+COUNTIFS('CCS追っかけ'!$B$5:$B$504,$A9,'CCS追っかけ'!$P$5:$P$504,"✅正式",'CCS追っかけ'!$J$5:$J$504,"<>CCS済"))
A10: 矢野貴之 | B10: =IF($A10="","",IFERROR(IF(INDIRECT("'"&$A10&"'!B4")="","",INDIRECT("'"&$A10&"'!B4")),"")) | C10: =IF($A10="","",IFERROR(IF(INDIRECT("'"&$A10&"'!B6")="","",INDIRECT("'"&$A10&"'!B6")),"")) | D10: =IF($A10="","",IFERROR(IF(INDIRECT("'"&$A10&"'!B8")="","",INDIRECT("'"&$A10&"'!B8")),"")) | E10: =IF($A10="","",IFERROR(IF(INDIRECT("'"&$A10&"'!B24")="","",INDIRECT("'"&$A10&"'!B24")),"")) | F10: =IF($A10="","",IFERROR(IF(INDIRECT("'"&$A10&"'!B25")="","",INDIRECT("'"&$A10&"'!B25")),"")) | G10: =IF(OR($A10="",F10=""),"",IF(E10="フェーズ1",F10+'設定'!$B$4,IF(E10="フェーズ2",F10+'設定'!$B$5,""))) | H10: =IF(G10="","",G10-TODAY()) | I10: =IF($A10="","",IFERROR(IF(INDIRECT("'"&$A10&"'!B26")="","",INDIRECT("'"&$A10&"'!B26")),"")) | J10: =IF($A10="","",COUNTIFS('CCS追っかけ'!$B$5:$B$504,$A10,'CCS追っかけ'!$P$5:$P$504,"✅正式")) | K10: =IF($A10="","",COUNTIFS('CCS追っかけ'!$B$5:$B$504,$A10,'CCS追っかけ'!$D$5:$D$504,"<>",'CCS追っかけ'!$V$5:$V$504,"<>辞退")-J10) | L10: =IF(OR($A10="",I10="",I10=0),"",J10/I10) | M10: =IF(OR($A10="",I10="",F10=""),"",IF(J10>=I10,"🟢達成",IF(G10="","🟡進行中",IF(H10<0,"🔴期限超過",IF(AND(H10<='設定'!$B$7,J10<I10*0.8),"🔴期限間近",IF(J10>=I10*MIN(1,(TODAY()-F10)/(G10-F10)),"🟢順調",IF(J10>=I10*MIN(1,(TODAY()-F10)/(G10-F10))*'設定'!$B$6,"🟡要注意","🔴遅れ"))))))) | N10: =IF($A10="","",SUMIFS('日次ログ'!$D$5:$D$1504,'日次ログ'!$B$5:$B$1504,$A10,'日次ログ'!$A$5:$A$1504,">="&(TODAY()-6))) | O10: =IF($A10="","",SUMIFS('日次ログ'!$F$5:$F$1504,'日次ログ'!$B$5:$B$1504,$A10,'日次ログ'!$A$5:$A$1504,">="&(TODAY()-6))) | P10: =IF($A10="","",IF(COUNTIF('日次ログ'!$B$5:$B$1504,$A10)=0,"",_xlfn.MAXIFS('日次ログ'!$A$5:$A$1504,'日次ログ'!$B$5:$B$1504,$A10))) | Q10: =IF($A10="","",IFERROR(COUNTIF(INDIRECT("'"&$A10&"'!E9:E21"),"承諾")&" / "&COUNTA(INDIRECT("'"&$A10&"'!B9:B21")),"")) | R10: =IF($A10="","",IFERROR(IF(INDIRECT("'"&$A10&"'!B27")="","",INDIRECT("'"&$A10&"'!B27")),"")) | S10: =IF($A10="","",IFERROR(IF(INDIRECT("'"&$A10&"'!B28")="","",INDIRECT("'"&$A10&"'!B28")),"")) | T10: =IF($A10="","",COUNTIFS('入会後行動リスト'!$B$5:$B$2004,$A10,'入会後行動リスト'!$J$5:$J$2004,"期限超過")) | U10: =IF($A10="","",COUNTIFS('CCS追っかけ'!$B$5:$B$504,$A10,'CCS追っかけ'!$J$5:$J$504,"CCS済")+COUNTIFS('CCS追っかけ'!$B$5:$B$504,$A10,'CCS追っかけ'!$P$5:$P$504,"✅正式",'CCS追っかけ'!$J$5:$J$504,"<>CCS済"))
A11: 榎田秀一 | B11: =IF($A11="","",IFERROR(IF(INDIRECT("'"&$A11&"'!B4")="","",INDIRECT("'"&$A11&"'!B4")),"")) | C11: =IF($A11="","",IFERROR(IF(INDIRECT("'"&$A11&"'!B6")="","",INDIRECT("'"&$A11&"'!B6")),"")) | D11: =IF($A11="","",IFERROR(IF(INDIRECT("'"&$A11&"'!B8")="","",INDIRECT("'"&$A11&"'!B8")),"")) | E11: =IF($A11="","",IFERROR(IF(INDIRECT("'"&$A11&"'!B24")="","",INDIRECT("'"&$A11&"'!B24")),"")) | F11: =IF($A11="","",IFERROR(IF(INDIRECT("'"&$A11&"'!B25")="","",INDIRECT("'"&$A11&"'!B25")),"")) | G11: =IF(OR($A11="",F11=""),"",IF(E11="フェーズ1",F11+'設定'!$B$4,IF(E11="フェーズ2",F11+'設定'!$B$5,""))) | H11: =IF(G11="","",G11-TODAY()) | I11: =IF($A11="","",IFERROR(IF(INDIRECT("'"&$A11&"'!B26")="","",INDIRECT("'"&$A11&"'!B26")),"")) | J11: =IF($A11="","",COUNTIFS('CCS追っかけ'!$B$5:$B$504,$A11,'CCS追っかけ'!$P$5:$P$504,"✅正式")) | K11: =IF($A11="","",COUNTIFS('CCS追っかけ'!$B$5:$B$504,$A11,'CCS追っかけ'!$D$5:$D$504,"<>",'CCS追っかけ'!$V$5:$V$504,"<>辞退")-J11) | L11: =IF(OR($A11="",I11="",I11=0),"",J11/I11) | M11: =IF(OR($A11="",I11="",F11=""),"",IF(J11>=I11,"🟢達成",IF(G11="","🟡進行中",IF(H11<0,"🔴期限超過",IF(AND(H11<='設定'!$B$7,J11<I11*0.8),"🔴期限間近",IF(J11>=I11*MIN(1,(TODAY()-F11)/(G11-F11)),"🟢順調",IF(J11>=I11*MIN(1,(TODAY()-F11)/(G11-F11))*'設定'!$B$6,"🟡要注意","🔴遅れ"))))))) | N11: =IF($A11="","",SUMIFS('日次ログ'!$D$5:$D$1504,'日次ログ'!$B$5:$B$1504,$A11,'日次ログ'!$A$5:$A$1504,">="&(TODAY()-6))) | O11: =IF($A11="","",SUMIFS('日次ログ'!$F$5:$F$1504,'日次ログ'!$B$5:$B$1504,$A11,'日次ログ'!$A$5:$A$1504,">="&(TODAY()-6))) | P11: =IF($A11="","",IF(COUNTIF('日次ログ'!$B$5:$B$1504,$A11)=0,"",_xlfn.MAXIFS('日次ログ'!$A$5:$A$1504,'日次ログ'!$B$5:$B$1504,$A11))) | Q11: =IF($A11="","",IFERROR(COUNTIF(INDIRECT("'"&$A11&"'!E9:E21"),"承諾")&" / "&COUNTA(INDIRECT("'"&$A11&"'!B9:B21")),"")) | R11: =IF($A11="","",IFERROR(IF(INDIRECT("'"&$A11&"'!B27")="","",INDIRECT("'"&$A11&"'!B27")),"")) | S11: =IF($A11="","",IFERROR(IF(INDIRECT("'"&$A11&"'!B28")="","",INDIRECT("'"&$A11&"'!B28")),"")) | T11: =IF($A11="","",COUNTIFS('入会後行動リスト'!$B$5:$B$2004,$A11,'入会後行動リスト'!$J$5:$J$2004,"期限超過")) | U11: =IF($A11="","",COUNTIFS('CCS追っかけ'!$B$5:$B$504,$A11,'CCS追っかけ'!$J$5:$J$504,"CCS済")+COUNTIFS('CCS追っかけ'!$B$5:$B$504,$A11,'CCS追っかけ'!$P$5:$P$504,"✅正式",'CCS追っかけ'!$J$5:$J$504,"<>CCS済"))
A12: 世良真貴男 | B12: =IF($A12="","",IFERROR(IF(INDIRECT("'"&$A12&"'!B4")="","",INDIRECT("'"&$A12&"'!B4")),"")) | C12: =IF($A12="","",IFERROR(IF(INDIRECT("'"&$A12&"'!B6")="","",INDIRECT("'"&$A12&"'!B6")),"")) | D12: =IF($A12="","",IFERROR(IF(INDIRECT("'"&$A12&"'!B8")="","",INDIRECT("'"&$A12&"'!B8")),"")) | E12: =IF($A12="","",IFERROR(IF(INDIRECT("'"&$A12&"'!B24")="","",INDIRECT("'"&$A12&"'!B24")),"")) | F12: =IF($A12="","",IFERROR(IF(INDIRECT("'"&$A12&"'!B25")="","",INDIRECT("'"&$A12&"'!B25")),"")) | G12: =IF(OR($A12="",F12=""),"",IF(E12="フェーズ1",F12+'設定'!$B$4,IF(E12="フェーズ2",F12+'設定'!$B$5,""))) | H12: =IF(G12="","",G12-TODAY()) | I12: =IF($A12="","",IFERROR(IF(INDIRECT("'"&$A12&"'!B26")="","",INDIRECT("'"&$A12&"'!B26")),"")) | J12: =IF($A12="","",COUNTIFS('CCS追っかけ'!$B$5:$B$504,$A12,'CCS追っかけ'!$P$5:$P$504,"✅正式")) | K12: =IF($A12="","",COUNTIFS('CCS追っかけ'!$B$5:$B$504,$A12,'CCS追っかけ'!$D$5:$D$504,"<>",'CCS追っかけ'!$V$5:$V$504,"<>辞退")-J12) | L12: =IF(OR($A12="",I12="",I12=0),"",J12/I12) | M12: =IF(OR($A12="",I12="",F12=""),"",IF(J12>=I12,"🟢達成",IF(G12="","🟡進行中",IF(H12<0,"🔴期限超過",IF(AND(H12<='設定'!$B$7,J12<I12*0.8),"🔴期限間近",IF(J12>=I12*MIN(1,(TODAY()-F12)/(G12-F12)),"🟢順調",IF(J12>=I12*MIN(1,(TODAY()-F12)/(G12-F12))*'設定'!$B$6,"🟡要注意","🔴遅れ"))))))) | N12: =IF($A12="","",SUMIFS('日次ログ'!$D$5:$D$1504,'日次ログ'!$B$5:$B$1504,$A12,'日次ログ'!$A$5:$A$1504,">="&(TODAY()-6))) | O12: =IF($A12="","",SUMIFS('日次ログ'!$F$5:$F$1504,'日次ログ'!$B$5:$B$1504,$A12,'日次ログ'!$A$5:$A$1504,">="&(TODAY()-6))) | P12: =IF($A12="","",IF(COUNTIF('日次ログ'!$B$5:$B$1504,$A12)=0,"",_xlfn.MAXIFS('日次ログ'!$A$5:$A$1504,'日次ログ'!$B$5:$B$1504,$A12))) | Q12: =IF($A12="","",IFERROR(COUNTIF(INDIRECT("'"&$A12&"'!E9:E21"),"承諾")&" / "&COUNTA(INDIRECT("'"&$A12&"'!B9:B21")),"")) | R12: =IF($A12="","",IFERROR(IF(INDIRECT("'"&$A12&"'!B27")="","",INDIRECT("'"&$A12&"'!B27")),"")) | S12: =IF($A12="","",IFERROR(IF(INDIRECT("'"&$A12&"'!B28")="","",INDIRECT("'"&$A12&"'!B28")),"")) | T12: =IF($A12="","",COUNTIFS('入会後行動リスト'!$B$5:$B$2004,$A12,'入会後行動リスト'!$J$5:$J$2004,"期限超過")) | U12: =IF($A12="","",COUNTIFS('CCS追っかけ'!$B$5:$B$504,$A12,'CCS追っかけ'!$J$5:$J$504,"CCS済")+COUNTIFS('CCS追っかけ'!$B$5:$B$504,$A12,'CCS追っかけ'!$P$5:$P$504,"✅正式",'CCS追っかけ'!$J$5:$J$504,"<>CCS済"))
A13: 松永健志 | B13: =IF($A13="","",IFERROR(IF(INDIRECT("'"&$A13&"'!B4")="","",INDIRECT("'"&$A13&"'!B4")),"")) | C13: =IF($A13="","",IFERROR(IF(INDIRECT("'"&$A13&"'!B6")="","",INDIRECT("'"&$A13&"'!B6")),"")) | D13: =IF($A13="","",IFERROR(IF(INDIRECT("'"&$A13&"'!B8")="","",INDIRECT("'"&$A13&"'!B8")),"")) | E13: =IF($A13="","",IFERROR(IF(INDIRECT("'"&$A13&"'!B24")="","",INDIRECT("'"&$A13&"'!B24")),"")) | F13: =IF($A13="","",IFERROR(IF(INDIRECT("'"&$A13&"'!B25")="","",INDIRECT("'"&$A13&"'!B25")),"")) | G13: =IF(OR($A13="",F13=""),"",IF(E13="フェーズ1",F13+'設定'!$B$4,IF(E13="フェーズ2",F13+'設定'!$B$5,""))) | H13: =IF(G13="","",G13-TODAY()) | I13: =IF($A13="","",IFERROR(IF(INDIRECT("'"&$A13&"'!B26")="","",INDIRECT("'"&$A13&"'!B26")),"")) | J13: =IF($A13="","",COUNTIFS('CCS追っかけ'!$B$5:$B$504,$A13,'CCS追っかけ'!$P$5:$P$504,"✅正式")) | K13: =IF($A13="","",COUNTIFS('CCS追っかけ'!$B$5:$B$504,$A13,'CCS追っかけ'!$D$5:$D$504,"<>",'CCS追っかけ'!$V$5:$V$504,"<>辞退")-J13) | L13: =IF(OR($A13="",I13="",I13=0),"",J13/I13) | M13: =IF(OR($A13="",I13="",F13=""),"",IF(J13>=I13,"🟢達成",IF(G13="","🟡進行中",IF(H13<0,"🔴期限超過",IF(AND(H13<='設定'!$B$7,J13<I13*0.8),"🔴期限間近",IF(J13>=I13*MIN(1,(TODAY()-F13)/(G13-F13)),"🟢順調",IF(J13>=I13*MIN(1,(TODAY()-F13)/(G13-F13))*'設定'!$B$6,"🟡要注意","🔴遅れ"))))))) | N13: =IF($A13="","",SUMIFS('日次ログ'!$D$5:$D$1504,'日次ログ'!$B$5:$B$1504,$A13,'日次ログ'!$A$5:$A$1504,">="&(TODAY()-6))) | O13: =IF($A13="","",SUMIFS('日次ログ'!$F$5:$F$1504,'日次ログ'!$B$5:$B$1504,$A13,'日次ログ'!$A$5:$A$1504,">="&(TODAY()-6))) | P13: =IF($A13="","",IF(COUNTIF('日次ログ'!$B$5:$B$1504,$A13)=0,"",_xlfn.MAXIFS('日次ログ'!$A$5:$A$1504,'日次ログ'!$B$5:$B$1504,$A13))) | Q13: =IF($A13="","",IFERROR(COUNTIF(INDIRECT("'"&$A13&"'!E9:E21"),"承諾")&" / "&COUNTA(INDIRECT("'"&$A13&"'!B9:B21")),"")) | R13: =IF($A13="","",IFERROR(IF(INDIRECT("'"&$A13&"'!B27")="","",INDIRECT("'"&$A13&"'!B27")),"")) | S13: =IF($A13="","",IFERROR(IF(INDIRECT("'"&$A13&"'!B28")="","",INDIRECT("'"&$A13&"'!B28")),"")) | T13: =IF($A13="","",COUNTIFS('入会後行動リスト'!$B$5:$B$2004,$A13,'入会後行動リスト'!$J$5:$J$2004,"期限超過")) | U13: =IF($A13="","",COUNTIFS('CCS追っかけ'!$B$5:$B$504,$A13,'CCS追っかけ'!$J$5:$J$504,"CCS済")+COUNTIFS('CCS追っかけ'!$B$5:$B$504,$A13,'CCS追っかけ'!$P$5:$P$504,"✅正式",'CCS追っかけ'!$J$5:$J$504,"<>CCS済"))
A14: 中村剛 | B14: =IF($A14="","",IFERROR(IF(INDIRECT("'"&$A14&"'!B4")="","",INDIRECT("'"&$A14&"'!B4")),"")) | C14: =IF($A14="","",IFERROR(IF(INDIRECT("'"&$A14&"'!B6")="","",INDIRECT("'"&$A14&"'!B6")),"")) | D14: =IF($A14="","",IFERROR(IF(INDIRECT("'"&$A14&"'!B8")="","",INDIRECT("'"&$A14&"'!B8")),"")) | E14: =IF($A14="","",IFERROR(IF(INDIRECT("'"&$A14&"'!B24")="","",INDIRECT("'"&$A14&"'!B24")),"")) | F14: =IF($A14="","",IFERROR(IF(INDIRECT("'"&$A14&"'!B25")="","",INDIRECT("'"&$A14&"'!B25")),"")) | G14: =IF(OR($A14="",F14=""),"",IF(E14="フェーズ1",F14+'設定'!$B$4,IF(E14="フェーズ2",F14+'設定'!$B$5,""))) | H14: =IF(G14="","",G14-TODAY()) | I14: =IF($A14="","",IFERROR(IF(INDIRECT("'"&$A14&"'!B26")="","",INDIRECT("'"&$A14&"'!B26")),"")) | J14: =IF($A14="","",COUNTIFS('CCS追っかけ'!$B$5:$B$504,$A14,'CCS追っかけ'!$P$5:$P$504,"✅正式")) | K14: =IF($A14="","",COUNTIFS('CCS追っかけ'!$B$5:$B$504,$A14,'CCS追っかけ'!$D$5:$D$504,"<>",'CCS追っかけ'!$V$5:$V$504,"<>辞退")-J14) | L14: =IF(OR($A14="",I14="",I14=0),"",J14/I14) | M14: =IF(OR($A14="",I14="",F14=""),"",IF(J14>=I14,"🟢達成",IF(G14="","🟡進行中",IF(H14<0,"🔴期限超過",IF(AND(H14<='設定'!$B$7,J14<I14*0.8),"🔴期限間近",IF(J14>=I14*MIN(1,(TODAY()-F14)/(G14-F14)),"🟢順調",IF(J14>=I14*MIN(1,(TODAY()-F14)/(G14-F14))*'設定'!$B$6,"🟡要注意","🔴遅れ"))))))) | N14: =IF($A14="","",SUMIFS('日次ログ'!$D$5:$D$1504,'日次ログ'!$B$5:$B$1504,$A14,'日次ログ'!$A$5:$A$1504,">="&(TODAY()-6))) | O14: =IF($A14="","",SUMIFS('日次ログ'!$F$5:$F$1504,'日次ログ'!$B$5:$B$1504,$A14,'日次ログ'!$A$5:$A$1504,">="&(TODAY()-6))) | P14: =IF($A14="","",IF(COUNTIF('日次ログ'!$B$5:$B$1504,$A14)=0,"",_xlfn.MAXIFS('日次ログ'!$A$5:$A$1504,'日次ログ'!$B$5:$B$1504,$A14))) | Q14: =IF($A14="","",IFERROR(COUNTIF(INDIRECT("'"&$A14&"'!E9:E21"),"承諾")&" / "&COUNTA(INDIRECT("'"&$A14&"'!B9:B21")),"")) | R14: =IF($A14="","",IFERROR(IF(INDIRECT("'"&$A14&"'!B27")="","",INDIRECT("'"&$A14&"'!B27")),"")) | S14: =IF($A14="","",IFERROR(IF(INDIRECT("'"&$A14&"'!B28")="","",INDIRECT("'"&$A14&"'!B28")),"")) | T14: =IF($A14="","",COUNTIFS('入会後行動リスト'!$B$5:$B$2004,$A14,'入会後行動リスト'!$J$5:$J$2004,"期限超過")) | U14: =IF($A14="","",COUNTIFS('CCS追っかけ'!$B$5:$B$504,$A14,'CCS追っかけ'!$J$5:$J$504,"CCS済")+COUNTIFS('CCS追っかけ'!$B$5:$B$504,$A14,'CCS追っかけ'!$P$5:$P$504,"✅正式",'CCS追っかけ'!$J$5:$J$504,"<>CCS済"))
B15: =IF($A15="","",IFERROR(IF(INDIRECT("'"&$A15&"'!B4")="","",INDIRECT("'"&$A15&"'!B4")),"")) | C15: =IF($A15="","",IFERROR(IF(INDIRECT("'"&$A15&"'!B6")="","",INDIRECT("'"&$A15&"'!B6")),"")) | D15: =IF($A15="","",IFERROR(IF(INDIRECT("'"&$A15&"'!B8")="","",INDIRECT("'"&$A15&"'!B8")),"")) | E15: =IF($A15="","",IFERROR(IF(INDIRECT("'"&$A15&"'!B24")="","",INDIRECT("'"&$A15&"'!B24")),"")) | F15: =IF($A15="","",IFERROR(IF(INDIRECT("'"&$A15&"'!B25")="","",INDIRECT("'"&$A15&"'!B25")),"")) | G15: =IF(OR($A15="",F15=""),"",IF(E15="フェーズ1",F15+'設定'!$B$4,IF(E15="フェーズ2",F15+'設定'!$B$5,""))) | H15: =IF(G15="","",G15-TODAY()) | I15: =IF($A15="","",IFERROR(IF(INDIRECT("'"&$A15&"'!B26")="","",INDIRECT("'"&$A15&"'!B26")),"")) | J15: =IF($A15="","",COUNTIFS('CCS追っかけ'!$B$5:$B$504,$A15,'CCS追っかけ'!$P$5:$P$504,"✅正式")) | K15: =IF($A15="","",COUNTIFS('CCS追っかけ'!$B$5:$B$504,$A15,'CCS追っかけ'!$D$5:$D$504,"<>",'CCS追っかけ'!$V$5:$V$504,"<>辞退")-J15) | L15: =IF(OR($A15="",I15="",I15=0),"",J15/I15) | M15: =IF(OR($A15="",I15="",F15=""),"",IF(J15>=I15,"🟢達成",IF(G15="","🟡進行中",IF(H15<0,"🔴期限超過",IF(AND(H15<='設定'!$B$7,J15<I15*0.8),"🔴期限間近",IF(J15>=I15*MIN(1,(TODAY()-F15)/(G15-F15)),"🟢順調",IF(J15>=I15*MIN(1,(TODAY()-F15)/(G15-F15))*'設定'!$B$6,"🟡要注意","🔴遅れ"))))))) | N15: =IF($A15="","",SUMIFS('日次ログ'!$D$5:$D$1504,'日次ログ'!$B$5:$B$1504,$A15,'日次ログ'!$A$5:$A$1504,">="&(TODAY()-6))) | O15: =IF($A15="","",SUMIFS('日次ログ'!$F$5:$F$1504,'日次ログ'!$B$5:$B$1504,$A15,'日次ログ'!$A$5:$A$1504,">="&(TODAY()-6))) | P15: =IF($A15="","",IF(COUNTIF('日次ログ'!$B$5:$B$1504,$A15)=0,"",_xlfn.MAXIFS('日次ログ'!$A$5:$A$1504,'日次ログ'!$B$5:$B$1504,$A15))) | Q15: =IF($A15="","",IFERROR(COUNTIF(INDIRECT("'"&$A15&"'!E9:E21"),"承諾")&" / "&COUNTA(INDIRECT("'"&$A15&"'!B9:B21")),"")) | R15: =IF($A15="","",IFERROR(IF(INDIRECT("'"&$A15&"'!B27")="","",INDIRECT("'"&$A15&"'!B27")),"")) | S15: =IF($A15="","",IFERROR(IF(INDIRECT("'"&$A15&"'!B28")="","",INDIRECT("'"&$A15&"'!B28")),"")) | T15: =IF($A15="","",COUNTIFS('入会後行動リスト'!$B$5:$B$2004,$A15,'入会後行動リスト'!$J$5:$J$2004,"期限超過")) | U15: =IF($A15="","",COUNTIFS('CCS追っかけ'!$B$5:$B$504,$A15,'CCS追っかけ'!$J$5:$J$504,"CCS済")+COUNTIFS('CCS追っかけ'!$B$5:$B$504,$A15,'CCS追っかけ'!$P$5:$P$504,"✅正式",'CCS追っかけ'!$J$5:$J$504,"<>CCS済"))
B16: =IF($A16="","",IFERROR(IF(INDIRECT("'"&$A16&"'!B4")="","",INDIRECT("'"&$A16&"'!B4")),"")) | C16: =IF($A16="","",IFERROR(IF(INDIRECT("'"&$A16&"'!B6")="","",INDIRECT("'"&$A16&"'!B6")),"")) | D16: =IF($A16="","",IFERROR(IF(INDIRECT("'"&$A16&"'!B8")="","",INDIRECT("'"&$A16&"'!B8")),"")) | E16: =IF($A16="","",IFERROR(IF(INDIRECT("'"&$A16&"'!B24")="","",INDIRECT("'"&$A16&"'!B24")),"")) | F16: =IF($A16="","",IFERROR(IF(INDIRECT("'"&$A16&"'!B25")="","",INDIRECT("'"&$A16&"'!B25")),"")) | G16: =IF(OR($A16="",F16=""),"",IF(E16="フェーズ1",F16+'設定'!$B$4,IF(E16="フェーズ2",F16+'設定'!$B$5,""))) | H16: =IF(G16="","",G16-TODAY()) | I16: =IF($A16="","",IFERROR(IF(INDIRECT("'"&$A16&"'!B26")="","",INDIRECT("'"&$A16&"'!B26")),"")) | J16: =IF($A16="","",COUNTIFS('CCS追っかけ'!$B$5:$B$504,$A16,'CCS追っかけ'!$P$5:$P$504,"✅正式")) | K16: =IF($A16="","",COUNTIFS('CCS追っかけ'!$B$5:$B$504,$A16,'CCS追っかけ'!$D$5:$D$504,"<>",'CCS追っかけ'!$V$5:$V$504,"<>辞退")-J16) | L16: =IF(OR($A16="",I16="",I16=0),"",J16/I16) | M16: =IF(OR($A16="",I16="",F16=""),"",IF(J16>=I16,"🟢達成",IF(G16="","🟡進行中",IF(H16<0,"🔴期限超過",IF(AND(H16<='設定'!$B$7,J16<I16*0.8),"🔴期限間近",IF(J16>=I16*MIN(1,(TODAY()-F16)/(G16-F16)),"🟢順調",IF(J16>=I16*MIN(1,(TODAY()-F16)/(G16-F16))*'設定'!$B$6,"🟡要注意","🔴遅れ"))))))) | N16: =IF($A16="","",SUMIFS('日次ログ'!$D$5:$D$1504,'日次ログ'!$B$5:$B$1504,$A16,'日次ログ'!$A$5:$A$1504,">="&(TODAY()-6))) | O16: =IF($A16="","",SUMIFS('日次ログ'!$F$5:$F$1504,'日次ログ'!$B$5:$B$1504,$A16,'日次ログ'!$A$5:$A$1504,">="&(TODAY()-6))) | P16: =IF($A16="","",IF(COUNTIF('日次ログ'!$B$5:$B$1504,$A16)=0,"",_xlfn.MAXIFS('日次ログ'!$A$5:$A$1504,'日次ログ'!$B$5:$B$1504,$A16))) | Q16: =IF($A16="","",IFERROR(COUNTIF(INDIRECT("'"&$A16&"'!E9:E21"),"承諾")&" / "&COUNTA(INDIRECT("'"&$A16&"'!B9:B21")),"")) | R16: =IF($A16="","",IFERROR(IF(INDIRECT("'"&$A16&"'!B27")="","",INDIRECT("'"&$A16&"'!B27")),"")) | S16: =IF($A16="","",IFERROR(IF(INDIRECT("'"&$A16&"'!B28")="","",INDIRECT("'"&$A16&"'!B28")),"")) | T16: =IF($A16="","",COUNTIFS('入会後行動リスト'!$B$5:$B$2004,$A16,'入会後行動リスト'!$J$5:$J$2004,"期限超過")) | U16: =IF($A16="","",COUNTIFS('CCS追っかけ'!$B$5:$B$504,$A16,'CCS追っかけ'!$J$5:$J$504,"CCS済")+COUNTIFS('CCS追っかけ'!$B$5:$B$504,$A16,'CCS追っかけ'!$P$5:$P$504,"✅正式",'CCS追っかけ'!$J$5:$J$504,"<>CCS済"))
B17: =IF($A17="","",IFERROR(IF(INDIRECT("'"&$A17&"'!B4")="","",INDIRECT("'"&$A17&"'!B4")),"")) | C17: =IF($A17="","",IFERROR(IF(INDIRECT("'"&$A17&"'!B6")="","",INDIRECT("'"&$A17&"'!B6")),"")) | D17: =IF($A17="","",IFERROR(IF(INDIRECT("'"&$A17&"'!B8")="","",INDIRECT("'"&$A17&"'!B8")),"")) | E17: =IF($A17="","",IFERROR(IF(INDIRECT("'"&$A17&"'!B24")="","",INDIRECT("'"&$A17&"'!B24")),"")) | F17: =IF($A17="","",IFERROR(IF(INDIRECT("'"&$A17&"'!B25")="","",INDIRECT("'"&$A17&"'!B25")),"")) | G17: =IF(OR($A17="",F17=""),"",IF(E17="フェーズ1",F17+'設定'!$B$4,IF(E17="フェーズ2",F17+'設定'!$B$5,""))) | H17: =IF(G17="","",G17-TODAY()) | I17: =IF($A17="","",IFERROR(IF(INDIRECT("'"&$A17&"'!B26")="","",INDIRECT("'"&$A17&"'!B26")),"")) | J17: =IF($A17="","",COUNTIFS('CCS追っかけ'!$B$5:$B$504,$A17,'CCS追っかけ'!$P$5:$P$504,"✅正式")) | K17: =IF($A17="","",COUNTIFS('CCS追っかけ'!$B$5:$B$504,$A17,'CCS追っかけ'!$D$5:$D$504,"<>",'CCS追っかけ'!$V$5:$V$504,"<>辞退")-J17) | L17: =IF(OR($A17="",I17="",I17=0),"",J17/I17) | M17: =IF(OR($A17="",I17="",F17=""),"",IF(J17>=I17,"🟢達成",IF(G17="","🟡進行中",IF(H17<0,"🔴期限超過",IF(AND(H17<='設定'!$B$7,J17<I17*0.8),"🔴期限間近",IF(J17>=I17*MIN(1,(TODAY()-F17)/(G17-F17)),"🟢順調",IF(J17>=I17*MIN(1,(TODAY()-F17)/(G17-F17))*'設定'!$B$6,"🟡要注意","🔴遅れ"))))))) | N17: =IF($A17="","",SUMIFS('日次ログ'!$D$5:$D$1504,'日次ログ'!$B$5:$B$1504,$A17,'日次ログ'!$A$5:$A$1504,">="&(TODAY()-6))) | O17: =IF($A17="","",SUMIFS('日次ログ'!$F$5:$F$1504,'日次ログ'!$B$5:$B$1504,$A17,'日次ログ'!$A$5:$A$1504,">="&(TODAY()-6))) | P17: =IF($A17="","",IF(COUNTIF('日次ログ'!$B$5:$B$1504,$A17)=0,"",_xlfn.MAXIFS('日次ログ'!$A$5:$A$1504,'日次ログ'!$B$5:$B$1504,$A17))) | Q17: =IF($A17="","",IFERROR(COUNTIF(INDIRECT("'"&$A17&"'!E9:E21"),"承諾")&" / "&COUNTA(INDIRECT("'"&$A17&"'!B9:B21")),"")) | R17: =IF($A17="","",IFERROR(IF(INDIRECT("'"&$A17&"'!B27")="","",INDIRECT("'"&$A17&"'!B27")),"")) | S17: =IF($A17="","",IFERROR(IF(INDIRECT("'"&$A17&"'!B28")="","",INDIRECT("'"&$A17&"'!B28")),"")) | T17: =IF($A17="","",COUNTIFS('入会後行動リスト'!$B$5:$B$2004,$A17,'入会後行動リスト'!$J$5:$J$2004,"期限超過")) | U17: =IF($A17="","",COUNTIFS('CCS追っかけ'!$B$5:$B$504,$A17,'CCS追っかけ'!$J$5:$J$504,"CCS済")+COUNTIFS('CCS追っかけ'!$B$5:$B$504,$A17,'CCS追っかけ'!$P$5:$P$504,"✅正式",'CCS追っかけ'!$J$5:$J$504,"<>CCS済"))
B18: =IF($A18="","",IFERROR(IF(INDIRECT("'"&$A18&"'!B4")="","",INDIRECT("'"&$A18&"'!B4")),"")) | C18: =IF($A18="","",IFERROR(IF(INDIRECT("'"&$A18&"'!B6")="","",INDIRECT("'"&$A18&"'!B6")),"")) | D18: =IF($A18="","",IFERROR(IF(INDIRECT("'"&$A18&"'!B8")="","",INDIRECT("'"&$A18&"'!B8")),"")) | E18: =IF($A18="","",IFERROR(IF(INDIRECT("'"&$A18&"'!B24")="","",INDIRECT("'"&$A18&"'!B24")),"")) | F18: =IF($A18="","",IFERROR(IF(INDIRECT("'"&$A18&"'!B25")="","",INDIRECT("'"&$A18&"'!B25")),"")) | G18: =IF(OR($A18="",F18=""),"",IF(E18="フェーズ1",F18+'設定'!$B$4,IF(E18="フェーズ2",F18+'設定'!$B$5,""))) | H18: =IF(G18="","",G18-TODAY()) | I18: =IF($A18="","",IFERROR(IF(INDIRECT("'"&$A18&"'!B26")="","",INDIRECT("'"&$A18&"'!B26")),"")) | J18: =IF($A18="","",COUNTIFS('CCS追っかけ'!$B$5:$B$504,$A18,'CCS追っかけ'!$P$5:$P$504,"✅正式")) | K18: =IF($A18="","",COUNTIFS('CCS追っかけ'!$B$5:$B$504,$A18,'CCS追っかけ'!$D$5:$D$504,"<>",'CCS追っかけ'!$V$5:$V$504,"<>辞退")-J18) | L18: =IF(OR($A18="",I18="",I18=0),"",J18/I18) | M18: =IF(OR($A18="",I18="",F18=""),"",IF(J18>=I18,"🟢達成",IF(G18="","🟡進行中",IF(H18<0,"🔴期限超過",IF(AND(H18<='設定'!$B$7,J18<I18*0.8),"🔴期限間近",IF(J18>=I18*MIN(1,(TODAY()-F18)/(G18-F18)),"🟢順調",IF(J18>=I18*MIN(1,(TODAY()-F18)/(G18-F18))*'設定'!$B$6,"🟡要注意","🔴遅れ"))))))) | N18: =IF($A18="","",SUMIFS('日次ログ'!$D$5:$D$1504,'日次ログ'!$B$5:$B$1504,$A18,'日次ログ'!$A$5:$A$1504,">="&(TODAY()-6))) | O18: =IF($A18="","",SUMIFS('日次ログ'!$F$5:$F$1504,'日次ログ'!$B$5:$B$1504,$A18,'日次ログ'!$A$5:$A$1504,">="&(TODAY()-6))) | P18: =IF($A18="","",IF(COUNTIF('日次ログ'!$B$5:$B$1504,$A18)=0,"",_xlfn.MAXIFS('日次ログ'!$A$5:$A$1504,'日次ログ'!$B$5:$B$1504,$A18))) | Q18: =IF($A18="","",IFERROR(COUNTIF(INDIRECT("'"&$A18&"'!E9:E21"),"承諾")&" / "&COUNTA(INDIRECT("'"&$A18&"'!B9:B21")),"")) | R18: =IF($A18="","",IFERROR(IF(INDIRECT("'"&$A18&"'!B27")="","",INDIRECT("'"&$A18&"'!B27")),"")) | S18: =IF($A18="","",IFERROR(IF(INDIRECT("'"&$A18&"'!B28")="","",INDIRECT("'"&$A18&"'!B28")),"")) | T18: =IF($A18="","",COUNTIFS('入会後行動リスト'!$B$5:$B$2004,$A18,'入会後行動リスト'!$J$5:$J$2004,"期限超過")) | U18: =IF($A18="","",COUNTIFS('CCS追っかけ'!$B$5:$B$504,$A18,'CCS追っかけ'!$J$5:$J$504,"CCS済")+COUNTIFS('CCS追っかけ'!$B$5:$B$504,$A18,'CCS追っかけ'!$P$5:$P$504,"✅正式",'CCS追っかけ'!$J$5:$J$504,"<>CCS済"))
B19: =IF($A19="","",IFERROR(IF(INDIRECT("'"&$A19&"'!B4")="","",INDIRECT("'"&$A19&"'!B4")),"")) | C19: =IF($A19="","",IFERROR(IF(INDIRECT("'"&$A19&"'!B6")="","",INDIRECT("'"&$A19&"'!B6")),"")) | D19: =IF($A19="","",IFERROR(IF(INDIRECT("'"&$A19&"'!B8")="","",INDIRECT("'"&$A19&"'!B8")),"")) | E19: =IF($A19="","",IFERROR(IF(INDIRECT("'"&$A19&"'!B24")="","",INDIRECT("'"&$A19&"'!B24")),"")) | F19: =IF($A19="","",IFERROR(IF(INDIRECT("'"&$A19&"'!B25")="","",INDIRECT("'"&$A19&"'!B25")),"")) | G19: =IF(OR($A19="",F19=""),"",IF(E19="フェーズ1",F19+'設定'!$B$4,IF(E19="フェーズ2",F19+'設定'!$B$5,""))) | H19: =IF(G19="","",G19-TODAY()) | I19: =IF($A19="","",IFERROR(IF(INDIRECT("'"&$A19&"'!B26")="","",INDIRECT("'"&$A19&"'!B26")),"")) | J19: =IF($A19="","",COUNTIFS('CCS追っかけ'!$B$5:$B$504,$A19,'CCS追っかけ'!$P$5:$P$504,"✅正式")) | K19: =IF($A19="","",COUNTIFS('CCS追っかけ'!$B$5:$B$504,$A19,'CCS追っかけ'!$D$5:$D$504,"<>",'CCS追っかけ'!$V$5:$V$504,"<>辞退")-J19) | L19: =IF(OR($A19="",I19="",I19=0),"",J19/I19) | M19: =IF(OR($A19="",I19="",F19=""),"",IF(J19>=I19,"🟢達成",IF(G19="","🟡進行中",IF(H19<0,"🔴期限超過",IF(AND(H19<='設定'!$B$7,J19<I19*0.8),"🔴期限間近",IF(J19>=I19*MIN(1,(TODAY()-F19)/(G19-F19)),"🟢順調",IF(J19>=I19*MIN(1,(TODAY()-F19)/(G19-F19))*'設定'!$B$6,"🟡要注意","🔴遅れ"))))))) | N19: =IF($A19="","",SUMIFS('日次ログ'!$D$5:$D$1504,'日次ログ'!$B$5:$B$1504,$A19,'日次ログ'!$A$5:$A$1504,">="&(TODAY()-6))) | O19: =IF($A19="","",SUMIFS('日次ログ'!$F$5:$F$1504,'日次ログ'!$B$5:$B$1504,$A19,'日次ログ'!$A$5:$A$1504,">="&(TODAY()-6))) | P19: =IF($A19="","",IF(COUNTIF('日次ログ'!$B$5:$B$1504,$A19)=0,"",_xlfn.MAXIFS('日次ログ'!$A$5:$A$1504,'日次ログ'!$B$5:$B$1504,$A19))) | Q19: =IF($A19="","",IFERROR(COUNTIF(INDIRECT("'"&$A19&"'!E9:E21"),"承諾")&" / "&COUNTA(INDIRECT("'"&$A19&"'!B9:B21")),"")) | R19: =IF($A19="","",IFERROR(IF(INDIRECT("'"&$A19&"'!B27")="","",INDIRECT("'"&$A19&"'!B27")),"")) | S19: =IF($A19="","",IFERROR(IF(INDIRECT("'"&$A19&"'!B28")="","",INDIRECT("'"&$A19&"'!B28")),"")) | T19: =IF($A19="","",COUNTIFS('入会後行動リスト'!$B$5:$B$2004,$A19,'入会後行動リスト'!$J$5:$J$2004,"期限超過")) | U19: =IF($A19="","",COUNTIFS('CCS追っかけ'!$B$5:$B$504,$A19,'CCS追っかけ'!$J$5:$J$504,"CCS済")+COUNTIFS('CCS追っかけ'!$B$5:$B$504,$A19,'CCS追っかけ'!$P$5:$P$504,"✅正式",'CCS追っかけ'!$J$5:$J$504,"<>CCS済"))
B20: =IF($A20="","",IFERROR(IF(INDIRECT("'"&$A20&"'!B4")="","",INDIRECT("'"&$A20&"'!B4")),"")) | C20: =IF($A20="","",IFERROR(IF(INDIRECT("'"&$A20&"'!B6")="","",INDIRECT("'"&$A20&"'!B6")),"")) | D20: =IF($A20="","",IFERROR(IF(INDIRECT("'"&$A20&"'!B8")="","",INDIRECT("'"&$A20&"'!B8")),"")) | E20: =IF($A20="","",IFERROR(IF(INDIRECT("'"&$A20&"'!B24")="","",INDIRECT("'"&$A20&"'!B24")),"")) | F20: =IF($A20="","",IFERROR(IF(INDIRECT("'"&$A20&"'!B25")="","",INDIRECT("'"&$A20&"'!B25")),"")) | G20: =IF(OR($A20="",F20=""),"",IF(E20="フェーズ1",F20+'設定'!$B$4,IF(E20="フェーズ2",F20+'設定'!$B$5,""))) | H20: =IF(G20="","",G20-TODAY()) | I20: =IF($A20="","",IFERROR(IF(INDIRECT("'"&$A20&"'!B26")="","",INDIRECT("'"&$A20&"'!B26")),"")) | J20: =IF($A20="","",COUNTIFS('CCS追っかけ'!$B$5:$B$504,$A20,'CCS追っかけ'!$P$5:$P$504,"✅正式")) | K20: =IF($A20="","",COUNTIFS('CCS追っかけ'!$B$5:$B$504,$A20,'CCS追っかけ'!$D$5:$D$504,"<>",'CCS追っかけ'!$V$5:$V$504,"<>辞退")-J20) | L20: =IF(OR($A20="",I20="",I20=0),"",J20/I20) | M20: =IF(OR($A20="",I20="",F20=""),"",IF(J20>=I20,"🟢達成",IF(G20="","🟡進行中",IF(H20<0,"🔴期限超過",IF(AND(H20<='設定'!$B$7,J20<I20*0.8),"🔴期限間近",IF(J20>=I20*MIN(1,(TODAY()-F20)/(G20-F20)),"🟢順調",IF(J20>=I20*MIN(1,(TODAY()-F20)/(G20-F20))*'設定'!$B$6,"🟡要注意","🔴遅れ"))))))) | N20: =IF($A20="","",SUMIFS('日次ログ'!$D$5:$D$1504,'日次ログ'!$B$5:$B$1504,$A20,'日次ログ'!$A$5:$A$1504,">="&(TODAY()-6))) | O20: =IF($A20="","",SUMIFS('日次ログ'!$F$5:$F$1504,'日次ログ'!$B$5:$B$1504,$A20,'日次ログ'!$A$5:$A$1504,">="&(TODAY()-6))) | P20: =IF($A20="","",IF(COUNTIF('日次ログ'!$B$5:$B$1504,$A20)=0,"",_xlfn.MAXIFS('日次ログ'!$A$5:$A$1504,'日次ログ'!$B$5:$B$1504,$A20))) | Q20: =IF($A20="","",IFERROR(COUNTIF(INDIRECT("'"&$A20&"'!E9:E21"),"承諾")&" / "&COUNTA(INDIRECT("'"&$A20&"'!B9:B21")),"")) | R20: =IF($A20="","",IFERROR(IF(INDIRECT("'"&$A20&"'!B27")="","",INDIRECT("'"&$A20&"'!B27")),"")) | S20: =IF($A20="","",IFERROR(IF(INDIRECT("'"&$A20&"'!B28")="","",INDIRECT("'"&$A20&"'!B28")),"")) | T20: =IF($A20="","",COUNTIFS('入会後行動リスト'!$B$5:$B$2004,$A20,'入会後行動リスト'!$J$5:$J$2004,"期限超過")) | U20: =IF($A20="","",COUNTIFS('CCS追っかけ'!$B$5:$B$504,$A20,'CCS追っかけ'!$J$5:$J$504,"CCS済")+COUNTIFS('CCS追っかけ'!$B$5:$B$504,$A20,'CCS追っかけ'!$P$5:$P$504,"✅正式",'CCS追っかけ'!$J$5:$J$504,"<>CCS済"))
B21: =IF($A21="","",IFERROR(IF(INDIRECT("'"&$A21&"'!B4")="","",INDIRECT("'"&$A21&"'!B4")),"")) | C21: =IF($A21="","",IFERROR(IF(INDIRECT("'"&$A21&"'!B6")="","",INDIRECT("'"&$A21&"'!B6")),"")) | D21: =IF($A21="","",IFERROR(IF(INDIRECT("'"&$A21&"'!B8")="","",INDIRECT("'"&$A21&"'!B8")),"")) | E21: =IF($A21="","",IFERROR(IF(INDIRECT("'"&$A21&"'!B24")="","",INDIRECT("'"&$A21&"'!B24")),"")) | F21: =IF($A21="","",IFERROR(IF(INDIRECT("'"&$A21&"'!B25")="","",INDIRECT("'"&$A21&"'!B25")),"")) | G21: =IF(OR($A21="",F21=""),"",IF(E21="フェーズ1",F21+'設定'!$B$4,IF(E21="フェーズ2",F21+'設定'!$B$5,""))) | H21: =IF(G21="","",G21-TODAY()) | I21: =IF($A21="","",IFERROR(IF(INDIRECT("'"&$A21&"'!B26")="","",INDIRECT("'"&$A21&"'!B26")),"")) | J21: =IF($A21="","",COUNTIFS('CCS追っかけ'!$B$5:$B$504,$A21,'CCS追っかけ'!$P$5:$P$504,"✅正式")) | K21: =IF($A21="","",COUNTIFS('CCS追っかけ'!$B$5:$B$504,$A21,'CCS追っかけ'!$D$5:$D$504,"<>",'CCS追っかけ'!$V$5:$V$504,"<>辞退")-J21) | L21: =IF(OR($A21="",I21="",I21=0),"",J21/I21) | M21: =IF(OR($A21="",I21="",F21=""),"",IF(J21>=I21,"🟢達成",IF(G21="","🟡進行中",IF(H21<0,"🔴期限超過",IF(AND(H21<='設定'!$B$7,J21<I21*0.8),"🔴期限間近",IF(J21>=I21*MIN(1,(TODAY()-F21)/(G21-F21)),"🟢順調",IF(J21>=I21*MIN(1,(TODAY()-F21)/(G21-F21))*'設定'!$B$6,"🟡要注意","🔴遅れ"))))))) | N21: =IF($A21="","",SUMIFS('日次ログ'!$D$5:$D$1504,'日次ログ'!$B$5:$B$1504,$A21,'日次ログ'!$A$5:$A$1504,">="&(TODAY()-6))) | O21: =IF($A21="","",SUMIFS('日次ログ'!$F$5:$F$1504,'日次ログ'!$B$5:$B$1504,$A21,'日次ログ'!$A$5:$A$1504,">="&(TODAY()-6))) | P21: =IF($A21="","",IF(COUNTIF('日次ログ'!$B$5:$B$1504,$A21)=0,"",_xlfn.MAXIFS('日次ログ'!$A$5:$A$1504,'日次ログ'!$B$5:$B$1504,$A21))) | Q21: =IF($A21="","",IFERROR(COUNTIF(INDIRECT("'"&$A21&"'!E9:E21"),"承諾")&" / "&COUNTA(INDIRECT("'"&$A21&"'!B9:B21")),"")) | R21: =IF($A21="","",IFERROR(IF(INDIRECT("'"&$A21&"'!B27")="","",INDIRECT("'"&$A21&"'!B27")),"")) | S21: =IF($A21="","",IFERROR(IF(INDIRECT("'"&$A21&"'!B28")="","",INDIRECT("'"&$A21&"'!B28")),"")) | T21: =IF($A21="","",COUNTIFS('入会後行動リスト'!$B$5:$B$2004,$A21,'入会後行動リスト'!$J$5:$J$2004,"期限超過")) | U21: =IF($A21="","",COUNTIFS('CCS追っかけ'!$B$5:$B$504,$A21,'CCS追っかけ'!$J$5:$J$504,"CCS済")+COUNTIFS('CCS追っかけ'!$B$5:$B$504,$A21,'CCS追っかけ'!$P$5:$P$504,"✅正式",'CCS追っかけ'!$J$5:$J$504,"<>CCS済"))
B22: =IF($A22="","",IFERROR(IF(INDIRECT("'"&$A22&"'!B4")="","",INDIRECT("'"&$A22&"'!B4")),"")) | C22: =IF($A22="","",IFERROR(IF(INDIRECT("'"&$A22&"'!B6")="","",INDIRECT("'"&$A22&"'!B6")),"")) | D22: =IF($A22="","",IFERROR(IF(INDIRECT("'"&$A22&"'!B8")="","",INDIRECT("'"&$A22&"'!B8")),"")) | E22: =IF($A22="","",IFERROR(IF(INDIRECT("'"&$A22&"'!B24")="","",INDIRECT("'"&$A22&"'!B24")),"")) | F22: =IF($A22="","",IFERROR(IF(INDIRECT("'"&$A22&"'!B25")="","",INDIRECT("'"&$A22&"'!B25")),"")) | G22: =IF(OR($A22="",F22=""),"",IF(E22="フェーズ1",F22+'設定'!$B$4,IF(E22="フェーズ2",F22+'設定'!$B$5,""))) | H22: =IF(G22="","",G22-TODAY()) | I22: =IF($A22="","",IFERROR(IF(INDIRECT("'"&$A22&"'!B26")="","",INDIRECT("'"&$A22&"'!B26")),"")) | J22: =IF($A22="","",COUNTIFS('CCS追っかけ'!$B$5:$B$504,$A22,'CCS追っかけ'!$P$5:$P$504,"✅正式")) | K22: =IF($A22="","",COUNTIFS('CCS追っかけ'!$B$5:$B$504,$A22,'CCS追っかけ'!$D$5:$D$504,"<>",'CCS追っかけ'!$V$5:$V$504,"<>辞退")-J22) | L22: =IF(OR($A22="",I22="",I22=0),"",J22/I22) | M22: =IF(OR($A22="",I22="",F22=""),"",IF(J22>=I22,"🟢達成",IF(G22="","🟡進行中",IF(H22<0,"🔴期限超過",IF(AND(H22<='設定'!$B$7,J22<I22*0.8),"🔴期限間近",IF(J22>=I22*MIN(1,(TODAY()-F22)/(G22-F22)),"🟢順調",IF(J22>=I22*MIN(1,(TODAY()-F22)/(G22-F22))*'設定'!$B$6,"🟡要注意","🔴遅れ"))))))) | N22: =IF($A22="","",SUMIFS('日次ログ'!$D$5:$D$1504,'日次ログ'!$B$5:$B$1504,$A22,'日次ログ'!$A$5:$A$1504,">="&(TODAY()-6))) | O22: =IF($A22="","",SUMIFS('日次ログ'!$F$5:$F$1504,'日次ログ'!$B$5:$B$1504,$A22,'日次ログ'!$A$5:$A$1504,">="&(TODAY()-6))) | P22: =IF($A22="","",IF(COUNTIF('日次ログ'!$B$5:$B$1504,$A22)=0,"",_xlfn.MAXIFS('日次ログ'!$A$5:$A$1504,'日次ログ'!$B$5:$B$1504,$A22))) | Q22: =IF($A22="","",IFERROR(COUNTIF(INDIRECT("'"&$A22&"'!E9:E21"),"承諾")&" / "&COUNTA(INDIRECT("'"&$A22&"'!B9:B21")),"")) | R22: =IF($A22="","",IFERROR(IF(INDIRECT("'"&$A22&"'!B27")="","",INDIRECT("'"&$A22&"'!B27")),"")) | S22: =IF($A22="","",IFERROR(IF(INDIRECT("'"&$A22&"'!B28")="","",INDIRECT("'"&$A22&"'!B28")),"")) | T22: =IF($A22="","",COUNTIFS('入会後行動リスト'!$B$5:$B$2004,$A22,'入会後行動リスト'!$J$5:$J$2004,"期限超過")) | U22: =IF($A22="","",COUNTIFS('CCS追っかけ'!$B$5:$B$504,$A22,'CCS追っかけ'!$J$5:$J$504,"CCS済")+COUNTIFS('CCS追っかけ'!$B$5:$B$504,$A22,'CCS追っかけ'!$P$5:$P$504,"✅正式",'CCS追っかけ'!$J$5:$J$504,"<>CCS済"))
B23: =IF($A23="","",IFERROR(IF(INDIRECT("'"&$A23&"'!B4")="","",INDIRECT("'"&$A23&"'!B4")),"")) | C23: =IF($A23="","",IFERROR(IF(INDIRECT("'"&$A23&"'!B6")="","",INDIRECT("'"&$A23&"'!B6")),"")) | D23: =IF($A23="","",IFERROR(IF(INDIRECT("'"&$A23&"'!B8")="","",INDIRECT("'"&$A23&"'!B8")),"")) | E23: =IF($A23="","",IFERROR(IF(INDIRECT("'"&$A23&"'!B24")="","",INDIRECT("'"&$A23&"'!B24")),"")) | F23: =IF($A23="","",IFERROR(IF(INDIRECT("'"&$A23&"'!B25")="","",INDIRECT("'"&$A23&"'!B25")),"")) | G23: =IF(OR($A23="",F23=""),"",IF(E23="フェーズ1",F23+'設定'!$B$4,IF(E23="フェーズ2",F23+'設定'!$B$5,""))) | H23: =IF(G23="","",G23-TODAY()) | I23: =IF($A23="","",IFERROR(IF(INDIRECT("'"&$A23&"'!B26")="","",INDIRECT("'"&$A23&"'!B26")),"")) | J23: =IF($A23="","",COUNTIFS('CCS追っかけ'!$B$5:$B$504,$A23,'CCS追っかけ'!$P$5:$P$504,"✅正式")) | K23: =IF($A23="","",COUNTIFS('CCS追っかけ'!$B$5:$B$504,$A23,'CCS追っかけ'!$D$5:$D$504,"<>",'CCS追っかけ'!$V$5:$V$504,"<>辞退")-J23) | L23: =IF(OR($A23="",I23="",I23=0),"",J23/I23) | M23: =IF(OR($A23="",I23="",F23=""),"",IF(J23>=I23,"🟢達成",IF(G23="","🟡進行中",IF(H23<0,"🔴期限超過",IF(AND(H23<='設定'!$B$7,J23<I23*0.8),"🔴期限間近",IF(J23>=I23*MIN(1,(TODAY()-F23)/(G23-F23)),"🟢順調",IF(J23>=I23*MIN(1,(TODAY()-F23)/(G23-F23))*'設定'!$B$6,"🟡要注意","🔴遅れ"))))))) | N23: =IF($A23="","",SUMIFS('日次ログ'!$D$5:$D$1504,'日次ログ'!$B$5:$B$1504,$A23,'日次ログ'!$A$5:$A$1504,">="&(TODAY()-6))) | O23: =IF($A23="","",SUMIFS('日次ログ'!$F$5:$F$1504,'日次ログ'!$B$5:$B$1504,$A23,'日次ログ'!$A$5:$A$1504,">="&(TODAY()-6))) | P23: =IF($A23="","",IF(COUNTIF('日次ログ'!$B$5:$B$1504,$A23)=0,"",_xlfn.MAXIFS('日次ログ'!$A$5:$A$1504,'日次ログ'!$B$5:$B$1504,$A23))) | Q23: =IF($A23="","",IFERROR(COUNTIF(INDIRECT("'"&$A23&"'!E9:E21"),"承諾")&" / "&COUNTA(INDIRECT("'"&$A23&"'!B9:B21")),"")) | R23: =IF($A23="","",IFERROR(IF(INDIRECT("'"&$A23&"'!B27")="","",INDIRECT("'"&$A23&"'!B27")),"")) | S23: =IF($A23="","",IFERROR(IF(INDIRECT("'"&$A23&"'!B28")="","",INDIRECT("'"&$A23&"'!B28")),"")) | T23: =IF($A23="","",COUNTIFS('入会後行動リスト'!$B$5:$B$2004,$A23,'入会後行動リスト'!$J$5:$J$2004,"期限超過")) | U23: =IF($A23="","",COUNTIFS('CCS追っかけ'!$B$5:$B$504,$A23,'CCS追っかけ'!$J$5:$J$504,"CCS済")+COUNTIFS('CCS追っかけ'!$B$5:$B$504,$A23,'CCS追っかけ'!$P$5:$P$504,"✅正式",'CCS追っかけ'!$J$5:$J$504,"<>CCS済"))
B24: =IF($A24="","",IFERROR(IF(INDIRECT("'"&$A24&"'!B4")="","",INDIRECT("'"&$A24&"'!B4")),"")) | C24: =IF($A24="","",IFERROR(IF(INDIRECT("'"&$A24&"'!B6")="","",INDIRECT("'"&$A24&"'!B6")),"")) | D24: =IF($A24="","",IFERROR(IF(INDIRECT("'"&$A24&"'!B8")="","",INDIRECT("'"&$A24&"'!B8")),"")) | E24: =IF($A24="","",IFERROR(IF(INDIRECT("'"&$A24&"'!B24")="","",INDIRECT("'"&$A24&"'!B24")),"")) | F24: =IF($A24="","",IFERROR(IF(INDIRECT("'"&$A24&"'!B25")="","",INDIRECT("'"&$A24&"'!B25")),"")) | G24: =IF(OR($A24="",F24=""),"",IF(E24="フェーズ1",F24+'設定'!$B$4,IF(E24="フェーズ2",F24+'設定'!$B$5,""))) | H24: =IF(G24="","",G24-TODAY()) | I24: =IF($A24="","",IFERROR(IF(INDIRECT("'"&$A24&"'!B26")="","",INDIRECT("'"&$A24&"'!B26")),"")) | J24: =IF($A24="","",COUNTIFS('CCS追っかけ'!$B$5:$B$504,$A24,'CCS追っかけ'!$P$5:$P$504,"✅正式")) | K24: =IF($A24="","",COUNTIFS('CCS追っかけ'!$B$5:$B$504,$A24,'CCS追っかけ'!$D$5:$D$504,"<>",'CCS追っかけ'!$V$5:$V$504,"<>辞退")-J24) | L24: =IF(OR($A24="",I24="",I24=0),"",J24/I24) | M24: =IF(OR($A24="",I24="",F24=""),"",IF(J24>=I24,"🟢達成",IF(G24="","🟡進行中",IF(H24<0,"🔴期限超過",IF(AND(H24<='設定'!$B$7,J24<I24*0.8),"🔴期限間近",IF(J24>=I24*MIN(1,(TODAY()-F24)/(G24-F24)),"🟢順調",IF(J24>=I24*MIN(1,(TODAY()-F24)/(G24-F24))*'設定'!$B$6,"🟡要注意","🔴遅れ"))))))) | N24: =IF($A24="","",SUMIFS('日次ログ'!$D$5:$D$1504,'日次ログ'!$B$5:$B$1504,$A24,'日次ログ'!$A$5:$A$1504,">="&(TODAY()-6))) | O24: =IF($A24="","",SUMIFS('日次ログ'!$F$5:$F$1504,'日次ログ'!$B$5:$B$1504,$A24,'日次ログ'!$A$5:$A$1504,">="&(TODAY()-6))) | P24: =IF($A24="","",IF(COUNTIF('日次ログ'!$B$5:$B$1504,$A24)=0,"",_xlfn.MAXIFS('日次ログ'!$A$5:$A$1504,'日次ログ'!$B$5:$B$1504,$A24))) | Q24: =IF($A24="","",IFERROR(COUNTIF(INDIRECT("'"&$A24&"'!E9:E21"),"承諾")&" / "&COUNTA(INDIRECT("'"&$A24&"'!B9:B21")),"")) | R24: =IF($A24="","",IFERROR(IF(INDIRECT("'"&$A24&"'!B27")="","",INDIRECT("'"&$A24&"'!B27")),"")) | S24: =IF($A24="","",IFERROR(IF(INDIRECT("'"&$A24&"'!B28")="","",INDIRECT("'"&$A24&"'!B28")),"")) | T24: =IF($A24="","",COUNTIFS('入会後行動リスト'!$B$5:$B$2004,$A24,'入会後行動リスト'!$J$5:$J$2004,"期限超過")) | U24: =IF($A24="","",COUNTIFS('CCS追っかけ'!$B$5:$B$504,$A24,'CCS追っかけ'!$J$5:$J$504,"CCS済")+COUNTIFS('CCS追っかけ'!$B$5:$B$504,$A24,'CCS追っかけ'!$P$5:$P$504,"✅正式",'CCS追っかけ'!$J$5:$J$504,"<>CCS済"))
B25: =IF($A25="","",IFERROR(IF(INDIRECT("'"&$A25&"'!B4")="","",INDIRECT("'"&$A25&"'!B4")),"")) | C25: =IF($A25="","",IFERROR(IF(INDIRECT("'"&$A25&"'!B6")="","",INDIRECT("'"&$A25&"'!B6")),"")) | D25: =IF($A25="","",IFERROR(IF(INDIRECT("'"&$A25&"'!B8")="","",INDIRECT("'"&$A25&"'!B8")),"")) | E25: =IF($A25="","",IFERROR(IF(INDIRECT("'"&$A25&"'!B24")="","",INDIRECT("'"&$A25&"'!B24")),"")) | F25: =IF($A25="","",IFERROR(IF(INDIRECT("'"&$A25&"'!B25")="","",INDIRECT("'"&$A25&"'!B25")),"")) | G25: =IF(OR($A25="",F25=""),"",IF(E25="フェーズ1",F25+'設定'!$B$4,IF(E25="フェーズ2",F25+'設定'!$B$5,""))) | H25: =IF(G25="","",G25-TODAY()) | I25: =IF($A25="","",IFERROR(IF(INDIRECT("'"&$A25&"'!B26")="","",INDIRECT("'"&$A25&"'!B26")),"")) | J25: =IF($A25="","",COUNTIFS('CCS追っかけ'!$B$5:$B$504,$A25,'CCS追っかけ'!$P$5:$P$504,"✅正式")) | K25: =IF($A25="","",COUNTIFS('CCS追っかけ'!$B$5:$B$504,$A25,'CCS追っかけ'!$D$5:$D$504,"<>",'CCS追っかけ'!$V$5:$V$504,"<>辞退")-J25) | L25: =IF(OR($A25="",I25="",I25=0),"",J25/I25) | M25: =IF(OR($A25="",I25="",F25=""),"",IF(J25>=I25,"🟢達成",IF(G25="","🟡進行中",IF(H25<0,"🔴期限超過",IF(AND(H25<='設定'!$B$7,J25<I25*0.8),"🔴期限間近",IF(J25>=I25*MIN(1,(TODAY()-F25)/(G25-F25)),"🟢順調",IF(J25>=I25*MIN(1,(TODAY()-F25)/(G25-F25))*'設定'!$B$6,"🟡要注意","🔴遅れ"))))))) | N25: =IF($A25="","",SUMIFS('日次ログ'!$D$5:$D$1504,'日次ログ'!$B$5:$B$1504,$A25,'日次ログ'!$A$5:$A$1504,">="&(TODAY()-6))) | O25: =IF($A25="","",SUMIFS('日次ログ'!$F$5:$F$1504,'日次ログ'!$B$5:$B$1504,$A25,'日次ログ'!$A$5:$A$1504,">="&(TODAY()-6))) | P25: =IF($A25="","",IF(COUNTIF('日次ログ'!$B$5:$B$1504,$A25)=0,"",_xlfn.MAXIFS('日次ログ'!$A$5:$A$1504,'日次ログ'!$B$5:$B$1504,$A25))) | Q25: =IF($A25="","",IFERROR(COUNTIF(INDIRECT("'"&$A25&"'!E9:E21"),"承諾")&" / "&COUNTA(INDIRECT("'"&$A25&"'!B9:B21")),"")) | R25: =IF($A25="","",IFERROR(IF(INDIRECT("'"&$A25&"'!B27")="","",INDIRECT("'"&$A25&"'!B27")),"")) | S25: =IF($A25="","",IFERROR(IF(INDIRECT("'"&$A25&"'!B28")="","",INDIRECT("'"&$A25&"'!B28")),"")) | T25: =IF($A25="","",COUNTIFS('入会後行動リスト'!$B$5:$B$2004,$A25,'入会後行動リスト'!$J$5:$J$2004,"期限超過")) | U25: =IF($A25="","",COUNTIFS('CCS追っかけ'!$B$5:$B$504,$A25,'CCS追っかけ'!$J$5:$J$504,"CCS済")+COUNTIFS('CCS追っかけ'!$B$5:$B$504,$A25,'CCS追っかけ'!$P$5:$P$504,"✅正式",'CCS追っかけ'!$J$5:$J$504,"<>CCS済"))
B26: =IF($A26="","",IFERROR(IF(INDIRECT("'"&$A26&"'!B4")="","",INDIRECT("'"&$A26&"'!B4")),"")) | C26: =IF($A26="","",IFERROR(IF(INDIRECT("'"&$A26&"'!B6")="","",INDIRECT("'"&$A26&"'!B6")),"")) | D26: =IF($A26="","",IFERROR(IF(INDIRECT("'"&$A26&"'!B8")="","",INDIRECT("'"&$A26&"'!B8")),"")) | E26: =IF($A26="","",IFERROR(IF(INDIRECT("'"&$A26&"'!B24")="","",INDIRECT("'"&$A26&"'!B24")),"")) | F26: =IF($A26="","",IFERROR(IF(INDIRECT("'"&$A26&"'!B25")="","",INDIRECT("'"&$A26&"'!B25")),"")) | G26: =IF(OR($A26="",F26=""),"",IF(E26="フェーズ1",F26+'設定'!$B$4,IF(E26="フェーズ2",F26+'設定'!$B$5,""))) | H26: =IF(G26="","",G26-TODAY()) | I26: =IF($A26="","",IFERROR(IF(INDIRECT("'"&$A26&"'!B26")="","",INDIRECT("'"&$A26&"'!B26")),"")) | J26: =IF($A26="","",COUNTIFS('CCS追っかけ'!$B$5:$B$504,$A26,'CCS追っかけ'!$P$5:$P$504,"✅正式")) | K26: =IF($A26="","",COUNTIFS('CCS追っかけ'!$B$5:$B$504,$A26,'CCS追っかけ'!$D$5:$D$504,"<>",'CCS追っかけ'!$V$5:$V$504,"<>辞退")-J26) | L26: =IF(OR($A26="",I26="",I26=0),"",J26/I26) | M26: =IF(OR($A26="",I26="",F26=""),"",IF(J26>=I26,"🟢達成",IF(G26="","🟡進行中",IF(H26<0,"🔴期限超過",IF(AND(H26<='設定'!$B$7,J26<I26*0.8),"🔴期限間近",IF(J26>=I26*MIN(1,(TODAY()-F26)/(G26-F26)),"🟢順調",IF(J26>=I26*MIN(1,(TODAY()-F26)/(G26-F26))*'設定'!$B$6,"🟡要注意","🔴遅れ"))))))) | N26: =IF($A26="","",SUMIFS('日次ログ'!$D$5:$D$1504,'日次ログ'!$B$5:$B$1504,$A26,'日次ログ'!$A$5:$A$1504,">="&(TODAY()-6))) | O26: =IF($A26="","",SUMIFS('日次ログ'!$F$5:$F$1504,'日次ログ'!$B$5:$B$1504,$A26,'日次ログ'!$A$5:$A$1504,">="&(TODAY()-6))) | P26: =IF($A26="","",IF(COUNTIF('日次ログ'!$B$5:$B$1504,$A26)=0,"",_xlfn.MAXIFS('日次ログ'!$A$5:$A$1504,'日次ログ'!$B$5:$B$1504,$A26))) | Q26: =IF($A26="","",IFERROR(COUNTIF(INDIRECT("'"&$A26&"'!E9:E21"),"承諾")&" / "&COUNTA(INDIRECT("'"&$A26&"'!B9:B21")),"")) | R26: =IF($A26="","",IFERROR(IF(INDIRECT("'"&$A26&"'!B27")="","",INDIRECT("'"&$A26&"'!B27")),"")) | S26: =IF($A26="","",IFERROR(IF(INDIRECT("'"&$A26&"'!B28")="","",INDIRECT("'"&$A26&"'!B28")),"")) | T26: =IF($A26="","",COUNTIFS('入会後行動リスト'!$B$5:$B$2004,$A26,'入会後行動リスト'!$J$5:$J$2004,"期限超過")) | U26: =IF($A26="","",COUNTIFS('CCS追っかけ'!$B$5:$B$504,$A26,'CCS追っかけ'!$J$5:$J$504,"CCS済")+COUNTIFS('CCS追っかけ'!$B$5:$B$504,$A26,'CCS追っかけ'!$P$5:$P$504,"✅正式",'CCS追っかけ'!$J$5:$J$504,"<>CCS済"))
B27: =IF($A27="","",IFERROR(IF(INDIRECT("'"&$A27&"'!B4")="","",INDIRECT("'"&$A27&"'!B4")),"")) | C27: =IF($A27="","",IFERROR(IF(INDIRECT("'"&$A27&"'!B6")="","",INDIRECT("'"&$A27&"'!B6")),"")) | D27: =IF($A27="","",IFERROR(IF(INDIRECT("'"&$A27&"'!B8")="","",INDIRECT("'"&$A27&"'!B8")),"")) | E27: =IF($A27="","",IFERROR(IF(INDIRECT("'"&$A27&"'!B24")="","",INDIRECT("'"&$A27&"'!B24")),"")) | F27: =IF($A27="","",IFERROR(IF(INDIRECT("'"&$A27&"'!B25")="","",INDIRECT("'"&$A27&"'!B25")),"")) | G27: =IF(OR($A27="",F27=""),"",IF(E27="フェーズ1",F27+'設定'!$B$4,IF(E27="フェーズ2",F27+'設定'!$B$5,""))) | H27: =IF(G27="","",G27-TODAY()) | I27: =IF($A27="","",IFERROR(IF(INDIRECT("'"&$A27&"'!B26")="","",INDIRECT("'"&$A27&"'!B26")),"")) | J27: =IF($A27="","",COUNTIFS('CCS追っかけ'!$B$5:$B$504,$A27,'CCS追っかけ'!$P$5:$P$504,"✅正式")) | K27: =IF($A27="","",COUNTIFS('CCS追っかけ'!$B$5:$B$504,$A27,'CCS追っかけ'!$D$5:$D$504,"<>",'CCS追っかけ'!$V$5:$V$504,"<>辞退")-J27) | L27: =IF(OR($A27="",I27="",I27=0),"",J27/I27) | M27: =IF(OR($A27="",I27="",F27=""),"",IF(J27>=I27,"🟢達成",IF(G27="","🟡進行中",IF(H27<0,"🔴期限超過",IF(AND(H27<='設定'!$B$7,J27<I27*0.8),"🔴期限間近",IF(J27>=I27*MIN(1,(TODAY()-F27)/(G27-F27)),"🟢順調",IF(J27>=I27*MIN(1,(TODAY()-F27)/(G27-F27))*'設定'!$B$6,"🟡要注意","🔴遅れ"))))))) | N27: =IF($A27="","",SUMIFS('日次ログ'!$D$5:$D$1504,'日次ログ'!$B$5:$B$1504,$A27,'日次ログ'!$A$5:$A$1504,">="&(TODAY()-6))) | O27: =IF($A27="","",SUMIFS('日次ログ'!$F$5:$F$1504,'日次ログ'!$B$5:$B$1504,$A27,'日次ログ'!$A$5:$A$1504,">="&(TODAY()-6))) | P27: =IF($A27="","",IF(COUNTIF('日次ログ'!$B$5:$B$1504,$A27)=0,"",_xlfn.MAXIFS('日次ログ'!$A$5:$A$1504,'日次ログ'!$B$5:$B$1504,$A27))) | Q27: =IF($A27="","",IFERROR(COUNTIF(INDIRECT("'"&$A27&"'!E9:E21"),"承諾")&" / "&COUNTA(INDIRECT("'"&$A27&"'!B9:B21")),"")) | R27: =IF($A27="","",IFERROR(IF(INDIRECT("'"&$A27&"'!B27")="","",INDIRECT("'"&$A27&"'!B27")),"")) | S27: =IF($A27="","",IFERROR(IF(INDIRECT("'"&$A27&"'!B28")="","",INDIRECT("'"&$A27&"'!B28")),"")) | T27: =IF($A27="","",COUNTIFS('入会後行動リスト'!$B$5:$B$2004,$A27,'入会後行動リスト'!$J$5:$J$2004,"期限超過")) | U27: =IF($A27="","",COUNTIFS('CCS追っかけ'!$B$5:$B$504,$A27,'CCS追っかけ'!$J$5:$J$504,"CCS済")+COUNTIFS('CCS追っかけ'!$B$5:$B$504,$A27,'CCS追っかけ'!$P$5:$P$504,"✅正式",'CCS追っかけ'!$J$5:$J$504,"<>CCS済"))

Sheet 全体管理
A1: 全体管理（各LDシートから自動集約・入力不要）
A2: 名前の後ろの（打診中）等は声かけ状況。承諾済みは名前のみ表示
A4: ローンチディレクター | B4: 管轄エリア | C4: チャプター名 | D4: 定例会日時 | E4: 初回定例会 | F4: CCS担当① | G4: CCS担当② | H4: CCS担当③ | I4: CCS担当④ | J4: MS・メンター① | K4: MS・メンター② | L4: MS・メンター③ | M4: MS・メンター④ | N4: 全体サポート | O4: その他・必要な役割 | P4: 進捗・メモ
A5: ='📊ダッシュボード'!A8&"" | B5: =IF($A5="","",IFERROR(IF(INDIRECT("'"&$A5&"'!B4")="","",INDIRECT("'"&$A5&"'!B4")),"")) | C5: =IF($A5="","",IFERROR(IF(INDIRECT("'"&$A5&"'!B6")="","",INDIRECT("'"&$A5&"'!B6")),"")) | D5: =IF($A5="","",IFERROR(IF(INDIRECT("'"&$A5&"'!B7")="","",INDIRECT("'"&$A5&"'!B7")),"")) | E5: =IF($A5="","",IFERROR(IF(INDIRECT("'"&$A5&"'!B8")="","",INDIRECT("'"&$A5&"'!B8")),"")) | F5: =IF($A5="","",IFERROR(IF(INDIRECT("'"&$A5&"'!B9")="","",INDIRECT("'"&$A5&"'!B9")&IF(INDIRECT("'"&$A5&"'!E9")="承諾",""," （"&INDIRECT("'"&$A5&"'!E9")&"）")),"")) | G5: =IF($A5="","",IFERROR(IF(INDIRECT("'"&$A5&"'!B10")="","",INDIRECT("'"&$A5&"'!B10")&IF(INDIRECT("'"&$A5&"'!E10")="承諾",""," （"&INDIRECT("'"&$A5&"'!E10")&"）")),"")) | H5: =IF($A5="","",IFERROR(IF(INDIRECT("'"&$A5&"'!B11")="","",INDIRECT("'"&$A5&"'!B11")&IF(INDIRECT("'"&$A5&"'!E11")="承諾",""," （"&INDIRECT("'"&$A5&"'!E11")&"）")),"")) | I5: =IF($A5="","",IFERROR(IF(INDIRECT("'"&$A5&"'!B12")="","",INDIRECT("'"&$A5&"'!B12")&IF(INDIRECT("'"&$A5&"'!E12")="承諾",""," （"&INDIRECT("'"&$A5&"'!E12")&"）")),"")) | J5: =IF($A5="","",IFERROR(IF(INDIRECT("'"&$A5&"'!B13")="","",INDIRECT("'"&$A5&"'!B13")&IF(INDIRECT("'"&$A5&"'!E13")="承諾",""," （"&INDIRECT("'"&$A5&"'!E13")&"）")),"")) | K5: =IF($A5="","",IFERROR(IF(INDIRECT("'"&$A5&"'!B14")="","",INDIRECT("'"&$A5&"'!B14")&IF(INDIRECT("'"&$A5&"'!E14")="承諾",""," （"&INDIRECT("'"&$A5&"'!E14")&"）")),"")) | L5: =IF($A5="","",IFERROR(IF(INDIRECT("'"&$A5&"'!B15")="","",INDIRECT("'"&$A5&"'!B15")&IF(INDIRECT("'"&$A5&"'!E15")="承諾",""," （"&INDIRECT("'"&$A5&"'!E15")&"）")),"")) | M5: =IF($A5="","",IFERROR(IF(INDIRECT("'"&$A5&"'!B16")="","",INDIRECT("'"&$A5&"'!B16")&IF(INDIRECT("'"&$A5&"'!E16")="承諾",""," （"&INDIRECT("'"&$A5&"'!E16")&"）")),"")) | N5: =IF($A5="","",IFERROR(_xlfn.TEXTJOIN("、",TRUE,INDIRECT("'"&$A5&"'!B17:B20")),"")) | O5: =IF($A5="","",IFERROR(IF(INDIRECT("'"&$A5&"'!B21")="","",INDIRECT("'"&$A5&"'!B21")&IF(INDIRECT("'"&$A5&"'!E21")="承諾",""," （"&INDIRECT("'"&$A5&"'!E21")&"）")),"")) | P5: =IF($A5="","",IFERROR(IF(INDIRECT("'"&$A5&"'!B27")="","",INDIRECT("'"&$A5&"'!B27")),""))
A6: ='📊ダッシュボード'!A9&"" | B6: =IF($A6="","",IFERROR(IF(INDIRECT("'"&$A6&"'!B4")="","",INDIRECT("'"&$A6&"'!B4")),"")) | C6: =IF($A6="","",IFERROR(IF(INDIRECT("'"&$A6&"'!B6")="","",INDIRECT("'"&$A6&"'!B6")),"")) | D6: =IF($A6="","",IFERROR(IF(INDIRECT("'"&$A6&"'!B7")="","",INDIRECT("'"&$A6&"'!B7")),"")) | E6: =IF($A6="","",IFERROR(IF(INDIRECT("'"&$A6&"'!B8")="","",INDIRECT("'"&$A6&"'!B8")),"")) | F6: =IF($A6="","",IFERROR(IF(INDIRECT("'"&$A6&"'!B9")="","",INDIRECT("'"&$A6&"'!B9")&IF(INDIRECT("'"&$A6&"'!E9")="承諾",""," （"&INDIRECT("'"&$A6&"'!E9")&"）")),"")) | G6: =IF($A6="","",IFERROR(IF(INDIRECT("'"&$A6&"'!B10")="","",INDIRECT("'"&$A6&"'!B10")&IF(INDIRECT("'"&$A6&"'!E10")="承諾",""," （"&INDIRECT("'"&$A6&"'!E10")&"）")),"")) | H6: =IF($A6="","",IFERROR(IF(INDIRECT("'"&$A6&"'!B11")="","",INDIRECT("'"&$A6&"'!B11")&IF(INDIRECT("'"&$A6&"'!E11")="承諾",""," （"&INDIRECT("'"&$A6&"'!E11")&"）")),"")) | I6: =IF($A6="","",IFERROR(IF(INDIRECT("'"&$A6&"'!B12")="","",INDIRECT("'"&$A6&"'!B12")&IF(INDIRECT("'"&$A6&"'!E12")="承諾",""," （"&INDIRECT("'"&$A6&"'!E12")&"）")),"")) | J6: =IF($A6="","",IFERROR(IF(INDIRECT("'"&$A6&"'!B13")="","",INDIRECT("'"&$A6&"'!B13")&IF(INDIRECT("'"&$A6&"'!E13")="承諾",""," （"&INDIRECT("'"&$A6&"'!E13")&"）")),"")) | K6: =IF($A6="","",IFERROR(IF(INDIRECT("'"&$A6&"'!B14")="","",INDIRECT("'"&$A6&"'!B14")&IF(INDIRECT("'"&$A6&"'!E14")="承諾",""," （"&INDIRECT("'"&$A6&"'!E14")&"）")),"")) | L6: =IF($A6="","",IFERROR(IF(INDIRECT("'"&$A6&"'!B15")="","",INDIRECT("'"&$A6&"'!B15")&IF(INDIRECT("'"&$A6&"'!E15")="承諾",""," （"&INDIRECT("'"&$A6&"'!E15")&"）")),"")) | M6: =IF($A6="","",IFERROR(IF(INDIRECT("'"&$A6&"'!B16")="","",INDIRECT("'"&$A6&"'!B16")&IF(INDIRECT("'"&$A6&"'!E16")="承諾",""," （"&INDIRECT("'"&$A6&"'!E16")&"）")),"")) | N6: =IF($A6="","",IFERROR(_xlfn.TEXTJOIN("、",TRUE,INDIRECT("'"&$A6&"'!B17:B20")),"")) | O6: =IF($A6="","",IFERROR(IF(INDIRECT("'"&$A6&"'!B21")="","",INDIRECT("'"&$A6&"'!B21")&IF(INDIRECT("'"&$A6&"'!E21")="承諾",""," （"&INDIRECT("'"&$A6&"'!E21")&"）")),"")) | P6: =IF($A6="","",IFERROR(IF(INDIRECT("'"&$A6&"'!B27")="","",INDIRECT("'"&$A6&"'!B27")),""))
A7: ='📊ダッシュボード'!A10&"" | B7: =IF($A7="","",IFERROR(IF(INDIRECT("'"&$A7&"'!B4")="","",INDIRECT("'"&$A7&"'!B4")),"")) | C7: =IF($A7="","",IFERROR(IF(INDIRECT("'"&$A7&"'!B6")="","",INDIRECT("'"&$A7&"'!B6")),"")) | D7: =IF($A7="","",IFERROR(IF(INDIRECT("'"&$A7&"'!B7")="","",INDIRECT("'"&$A7&"'!B7")),"")) | E7: =IF($A7="","",IFERROR(IF(INDIRECT("'"&$A7&"'!B8")="","",INDIRECT("'"&$A7&"'!B8")),"")) | F7: =IF($A7="","",IFERROR(IF(INDIRECT("'"&$A7&"'!B9")="","",INDIRECT("'"&$A7&"'!B9")&IF(INDIRECT("'"&$A7&"'!E9")="承諾",""," （"&INDIRECT("'"&$A7&"'!E9")&"）")),"")) | G7: =IF($A7="","",IFERROR(IF(INDIRECT("'"&$A7&"'!B10")="","",INDIRECT("'"&$A7&"'!B10")&IF(INDIRECT("'"&$A7&"'!E10")="承諾",""," （"&INDIRECT("'"&$A7&"'!E10")&"）")),"")) | H7: =IF($A7="","",IFERROR(IF(INDIRECT("'"&$A7&"'!B11")="","",INDIRECT("'"&$A7&"'!B11")&IF(INDIRECT("'"&$A7&"'!E11")="承諾",""," （"&INDIRECT("'"&$A7&"'!E11")&"）")),"")) | I7: =IF($A7="","",IFERROR(IF(INDIRECT("'"&$A7&"'!B12")="","",INDIRECT("'"&$A7&"'!B12")&IF(INDIRECT("'"&$A7&"'!E12")="承諾",""," （"&INDIRECT("'"&$A7&"'!E12")&"）")),"")) | J7: =IF($A7="","",IFERROR(IF(INDIRECT("'"&$A7&"'!B13")="","",INDIRECT("'"&$A7&"'!B13")&IF(INDIRECT("'"&$A7&"'!E13")="承諾",""," （"&INDIRECT("'"&$A7&"'!E13")&"）")),"")) | K7: =IF($A7="","",IFERROR(IF(INDIRECT("'"&$A7&"'!B14")="","",INDIRECT("'"&$A7&"'!B14")&IF(INDIRECT("'"&$A7&"'!E14")="承諾",""," （"&INDIRECT("'"&$A7&"'!E14")&"）")),"")) | L7: =IF($A7="","",IFERROR(IF(INDIRECT("'"&$A7&"'!B15")="","",INDIRECT("'"&$A7&"'!B15")&IF(INDIRECT("'"&$A7&"'!E15")="承諾",""," （"&INDIRECT("'"&$A7&"'!E15")&"）")),"")) | M7: =IF($A7="","",IFERROR(IF(INDIRECT("'"&$A7&"'!B16")="","",INDIRECT("'"&$A7&"'!B16")&IF(INDIRECT("'"&$A7&"'!E16")="承諾",""," （"&INDIRECT("'"&$A7&"'!E16")&"）")),"")) | N7: =IF($A7="","",IFERROR(_xlfn.TEXTJOIN("、",TRUE,INDIRECT("'"&$A7&"'!B17:B20")),"")) | O7: =IF($A7="","",IFERROR(IF(INDIRECT("'"&$A7&"'!B21")="","",INDIRECT("'"&$A7&"'!B21")&IF(INDIRECT("'"&$A7&"'!E21")="承諾",""," （"&INDIRECT("'"&$A7&"'!E21")&"）")),"")) | P7: =IF($A7="","",IFERROR(IF(INDIRECT("'"&$A7&"'!B27")="","",INDIRECT("'"&$A7&"'!B27")),""))
A8: ='📊ダッシュボード'!A11&"" | B8: =IF($A8="","",IFERROR(IF(INDIRECT("'"&$A8&"'!B4")="","",INDIRECT("'"&$A8&"'!B4")),"")) | C8: =IF($A8="","",IFERROR(IF(INDIRECT("'"&$A8&"'!B6")="","",INDIRECT("'"&$A8&"'!B6")),"")) | D8: =IF($A8="","",IFERROR(IF(INDIRECT("'"&$A8&"'!B7")="","",INDIRECT("'"&$A8&"'!B7")),"")) | E8: =IF($A8="","",IFERROR(IF(INDIRECT("'"&$A8&"'!B8")="","",INDIRECT("'"&$A8&"'!B8")),"")) | F8: =IF($A8="","",IFERROR(IF(INDIRECT("'"&$A8&"'!B9")="","",INDIRECT("'"&$A8&"'!B9")&IF(INDIRECT("'"&$A8&"'!E9")="承諾",""," （"&INDIRECT("'"&$A8&"'!E9")&"）")),"")) | G8: =IF($A8="","",IFERROR(IF(INDIRECT("'"&$A8&"'!B10")="","",INDIRECT("'"&$A8&"'!B10")&IF(INDIRECT("'"&$A8&"'!E10")="承諾",""," （"&INDIRECT("'"&$A8&"'!E10")&"）")),"")) | H8: =IF($A8="","",IFERROR(IF(INDIRECT("'"&$A8&"'!B11")="","",INDIRECT("'"&$A8&"'!B11")&IF(INDIRECT("'"&$A8&"'!E11")="承諾",""," （"&INDIRECT("'"&$A8&"'!E11")&"）")),"")) | I8: =IF($A8="","",IFERROR(IF(INDIRECT("'"&$A8&"'!B12")="","",INDIRECT("'"&$A8&"'!B12")&IF(INDIRECT("'"&$A8&"'!E12")="承諾",""," （"&INDIRECT("'"&$A8&"'!E12")&"）")),"")) | J8: =IF($A8="","",IFERROR(IF(INDIRECT("'"&$A8&"'!B13")="","",INDIRECT("'"&$A8&"'!B13")&IF(INDIRECT("'"&$A8&"'!E13")="承諾",""," （"&INDIRECT("'"&$A8&"'!E13")&"）")),"")) | K8: =IF($A8="","",IFERROR(IF(INDIRECT("'"&$A8&"'!B14")="","",INDIRECT("'"&$A8&"'!B14")&IF(INDIRECT("'"&$A8&"'!E14")="承諾",""," （"&INDIRECT("'"&$A8&"'!E14")&"）")),"")) | L8: =IF($A8="","",IFERROR(IF(INDIRECT("'"&$A8&"'!B15")="","",INDIRECT("'"&$A8&"'!B15")&IF(INDIRECT("'"&$A8&"'!E15")="承諾",""," （"&INDIRECT("'"&$A8&"'!E15")&"）")),"")) | M8: =IF($A8="","",IFERROR(IF(INDIRECT("'"&$A8&"'!B16")="","",INDIRECT("'"&$A8&"'!B16")&IF(INDIRECT("'"&$A8&"'!E16")="承諾",""," （"&INDIRECT("'"&$A8&"'!E16")&"）")),"")) | N8: =IF($A8="","",IFERROR(_xlfn.TEXTJOIN("、",TRUE,INDIRECT("'"&$A8&"'!B17:B20")),"")) | O8: =IF($A8="","",IFERROR(IF(INDIRECT("'"&$A8&"'!B21")="","",INDIRECT("'"&$A8&"'!B21")&IF(INDIRECT("'"&$A8&"'!E21")="承諾",""," （"&INDIRECT("'"&$A8&"'!E21")&"）")),"")) | P8: =IF($A8="","",IFERROR(IF(INDIRECT("'"&$A8&"'!B27")="","",INDIRECT("'"&$A8&"'!B27")),""))
A9: ='📊ダッシュボード'!A12&"" | B9: =IF($A9="","",IFERROR(IF(INDIRECT("'"&$A9&"'!B4")="","",INDIRECT("'"&$A9&"'!B4")),"")) | C9: =IF($A9="","",IFERROR(IF(INDIRECT("'"&$A9&"'!B6")="","",INDIRECT("'"&$A9&"'!B6")),"")) | D9: =IF($A9="","",IFERROR(IF(INDIRECT("'"&$A9&"'!B7")="","",INDIRECT("'"&$A9&"'!B7")),"")) | E9: =IF($A9="","",IFERROR(IF(INDIRECT("'"&$A9&"'!B8")="","",INDIRECT("'"&$A9&"'!B8")),"")) | F9: =IF($A9="","",IFERROR(IF(INDIRECT("'"&$A9&"'!B9")="","",INDIRECT("'"&$A9&"'!B9")&IF(INDIRECT("'"&$A9&"'!E9")="承諾",""," （"&INDIRECT("'"&$A9&"'!E9")&"）")),"")) | G9: =IF($A9="","",IFERROR(IF(INDIRECT("'"&$A9&"'!B10")="","",INDIRECT("'"&$A9&"'!B10")&IF(INDIRECT("'"&$A9&"'!E10")="承諾",""," （"&INDIRECT("'"&$A9&"'!E10")&"）")),"")) | H9: =IF($A9="","",IFERROR(IF(INDIRECT("'"&$A9&"'!B11")="","",INDIRECT("'"&$A9&"'!B11")&IF(INDIRECT("'"&$A9&"'!E11")="承諾",""," （"&INDIRECT("'"&$A9&"'!E11")&"）")),"")) | I9: =IF($A9="","",IFERROR(IF(INDIRECT("'"&$A9&"'!B12")="","",INDIRECT("'"&$A9&"'!B12")&IF(INDIRECT("'"&$A9&"'!E12")="承諾",""," （"&INDIRECT("'"&$A9&"'!E12")&"）")),"")) | J9: =IF($A9="","",IFERROR(IF(INDIRECT("'"&$A9&"'!B13")="","",INDIRECT("'"&$A9&"'!B13")&IF(INDIRECT("'"&$A9&"'!E13")="承諾",""," （"&INDIRECT("'"&$A9&"'!E13")&"）")),"")) | K9: =IF($A9="","",IFERROR(IF(INDIRECT("'"&$A9&"'!B14")="","",INDIRECT("'"&$A9&"'!B14")&IF(INDIRECT("'"&$A9&"'!E14")="承諾",""," （"&INDIRECT("'"&$A9&"'!E14")&"）")),"")) | L9: =IF($A9="","",IFERROR(IF(INDIRECT("'"&$A9&"'!B15")="","",INDIRECT("'"&$A9&"'!B15")&IF(INDIRECT("'"&$A9&"'!E15")="承諾",""," （"&INDIRECT("'"&$A9&"'!E15")&"）")),"")) | M9: =IF($A9="","",IFERROR(IF(INDIRECT("'"&$A9&"'!B16")="","",INDIRECT("'"&$A9&"'!B16")&IF(INDIRECT("'"&$A9&"'!E16")="承諾",""," （"&INDIRECT("'"&$A9&"'!E16")&"）")),"")) | N9: =IF($A9="","",IFERROR(_xlfn.TEXTJOIN("、",TRUE,INDIRECT("'"&$A9&"'!B17:B20")),"")) | O9: =IF($A9="","",IFERROR(IF(INDIRECT("'"&$A9&"'!B21")="","",INDIRECT("'"&$A9&"'!B21")&IF(INDIRECT("'"&$A9&"'!E21")="承諾",""," （"&INDIRECT("'"&$A9&"'!E21")&"）")),"")) | P9: =IF($A9="","",IFERROR(IF(INDIRECT("'"&$A9&"'!B27")="","",INDIRECT("'"&$A9&"'!B27")),""))
A10: ='📊ダッシュボード'!A13&"" | B10: =IF($A10="","",IFERROR(IF(INDIRECT("'"&$A10&"'!B4")="","",INDIRECT("'"&$A10&"'!B4")),"")) | C10: =IF($A10="","",IFERROR(IF(INDIRECT("'"&$A10&"'!B6")="","",INDIRECT("'"&$A10&"'!B6")),"")) | D10: =IF($A10="","",IFERROR(IF(INDIRECT("'"&$A10&"'!B7")="","",INDIRECT("'"&$A10&"'!B7")),"")) | E10: =IF($A10="","",IFERROR(IF(INDIRECT("'"&$A10&"'!B8")="","",INDIRECT("'"&$A10&"'!B8")),"")) | F10: =IF($A10="","",IFERROR(IF(INDIRECT("'"&$A10&"'!B9")="","",INDIRECT("'"&$A10&"'!B9")&IF(INDIRECT("'"&$A10&"'!E9")="承諾",""," （"&INDIRECT("'"&$A10&"'!E9")&"）")),"")) | G10: =IF($A10="","",IFERROR(IF(INDIRECT("'"&$A10&"'!B10")="","",INDIRECT("'"&$A10&"'!B10")&IF(INDIRECT("'"&$A10&"'!E10")="承諾",""," （"&INDIRECT("'"&$A10&"'!E10")&"）")),"")) | H10: =IF($A10="","",IFERROR(IF(INDIRECT("'"&$A10&"'!B11")="","",INDIRECT("'"&$A10&"'!B11")&IF(INDIRECT("'"&$A10&"'!E11")="承諾",""," （"&INDIRECT("'"&$A10&"'!E11")&"）")),"")) | I10: =IF($A10="","",IFERROR(IF(INDIRECT("'"&$A10&"'!B12")="","",INDIRECT("'"&$A10&"'!B12")&IF(INDIRECT("'"&$A10&"'!E12")="承諾",""," （"&INDIRECT("'"&$A10&"'!E12")&"）")),"")) | J10: =IF($A10="","",IFERROR(IF(INDIRECT("'"&$A10&"'!B13")="","",INDIRECT("'"&$A10&"'!B13")&IF(INDIRECT("'"&$A10&"'!E13")="承諾",""," （"&INDIRECT("'"&$A10&"'!E13")&"）")),"")) | K10: =IF($A10="","",IFERROR(IF(INDIRECT("'"&$A10&"'!B14")="","",INDIRECT("'"&$A10&"'!B14")&IF(INDIRECT("'"&$A10&"'!E14")="承諾",""," （"&INDIRECT("'"&$A10&"'!E14")&"）")),"")) | L10: =IF($A10="","",IFERROR(IF(INDIRECT("'"&$A10&"'!B15")="","",INDIRECT("'"&$A10&"'!B15")&IF(INDIRECT("'"&$A10&"'!E15")="承諾",""," （"&INDIRECT("'"&$A10&"'!E15")&"）")),"")) | M10: =IF($A10="","",IFERROR(IF(INDIRECT("'"&$A10&"'!B16")="","",INDIRECT("'"&$A10&"'!B16")&IF(INDIRECT("'"&$A10&"'!E16")="承諾",""," （"&INDIRECT("'"&$A10&"'!E16")&"）")),"")) | N10: =IF($A10="","",IFERROR(_xlfn.TEXTJOIN("、",TRUE,INDIRECT("'"&$A10&"'!B17:B20")),"")) | O10: =IF($A10="","",IFERROR(IF(INDIRECT("'"&$A10&"'!B21")="","",INDIRECT("'"&$A10&"'!B21")&IF(INDIRECT("'"&$A10&"'!E21")="承諾",""," （"&INDIRECT("'"&$A10&"'!E21")&"）")),"")) | P10: =IF($A10="","",IFERROR(IF(INDIRECT("'"&$A10&"'!B27")="","",INDIRECT("'"&$A10&"'!B27")),""))
A11: ='📊ダッシュボード'!A14&"" | B11: =IF($A11="","",IFERROR(IF(INDIRECT("'"&$A11&"'!B4")="","",INDIRECT("'"&$A11&"'!B4")),"")) | C11: =IF($A11="","",IFERROR(IF(INDIRECT("'"&$A11&"'!B6")="","",INDIRECT("'"&$A11&"'!B6")),"")) | D11: =IF($A11="","",IFERROR(IF(INDIRECT("'"&$A11&"'!B7")="","",INDIRECT("'"&$A11&"'!B7")),"")) | E11: =IF($A11="","",IFERROR(IF(INDIRECT("'"&$A11&"'!B8")="","",INDIRECT("'"&$A11&"'!B8")),"")) | F11: =IF($A11="","",IFERROR(IF(INDIRECT("'"&$A11&"'!B9")="","",INDIRECT("'"&$A11&"'!B9")&IF(INDIRECT("'"&$A11&"'!E9")="承諾",""," （"&INDIRECT("'"&$A11&"'!E9")&"）")),"")) | G11: =IF($A11="","",IFERROR(IF(INDIRECT("'"&$A11&"'!B10")="","",INDIRECT("'"&$A11&"'!B10")&IF(INDIRECT("'"&$A11&"'!E10")="承諾",""," （"&INDIRECT("'"&$A11&"'!E10")&"）")),"")) | H11: =IF($A11="","",IFERROR(IF(INDIRECT("'"&$A11&"'!B11")="","",INDIRECT("'"&$A11&"'!B11")&IF(INDIRECT("'"&$A11&"'!E11")="承諾",""," （"&INDIRECT("'"&$A11&"'!E11")&"）")),"")) | I11: =IF($A11="","",IFERROR(IF(INDIRECT("'"&$A11&"'!B12")="","",INDIRECT("'"&$A11&"'!B12")&IF(INDIRECT("'"&$A11&"'!E12")="承諾",""," （"&INDIRECT("'"&$A11&"'!E12")&"）")),"")) | J11: =IF($A11="","",IFERROR(IF(INDIRECT("'"&$A11&"'!B13")="","",INDIRECT("'"&$A11&"'!B13")&IF(INDIRECT("'"&$A11&"'!E13")="承諾",""," （"&INDIRECT("'"&$A11&"'!E13")&"）")),"")) | K11: =IF($A11="","",IFERROR(IF(INDIRECT("'"&$A11&"'!B14")="","",INDIRECT("'"&$A11&"'!B14")&IF(INDIRECT("'"&$A11&"'!E14")="承諾",""," （"&INDIRECT("'"&$A11&"'!E14")&"）")),"")) | L11: =IF($A11="","",IFERROR(IF(INDIRECT("'"&$A11&"'!B15")="","",INDIRECT("'"&$A11&"'!B15")&IF(INDIRECT("'"&$A11&"'!E15")="承諾",""," （"&INDIRECT("'"&$A11&"'!E15")&"）")),"")) | M11: =IF($A11="","",IFERROR(IF(INDIRECT("'"&$A11&"'!B16")="","",INDIRECT("'"&$A11&"'!B16")&IF(INDIRECT("'"&$A11&"'!E16")="承諾",""," （"&INDIRECT("'"&$A11&"'!E16")&"）")),"")) | N11: =IF($A11="","",IFERROR(_xlfn.TEXTJOIN("、",TRUE,INDIRECT("'"&$A11&"'!B17:B20")),"")) | O11: =IF($A11="","",IFERROR(IF(INDIRECT("'"&$A11&"'!B21")="","",INDIRECT("'"&$A11&"'!B21")&IF(INDIRECT("'"&$A11&"'!E21")="承諾",""," （"&INDIRECT("'"&$A11&"'!E21")&"）")),"")) | P11: =IF($A11="","",IFERROR(IF(INDIRECT("'"&$A11&"'!B27")="","",INDIRECT("'"&$A11&"'!B27")),""))
A12: ='📊ダッシュボード'!A15&"" | B12: =IF($A12="","",IFERROR(IF(INDIRECT("'"&$A12&"'!B4")="","",INDIRECT("'"&$A12&"'!B4")),"")) | C12: =IF($A12="","",IFERROR(IF(INDIRECT("'"&$A12&"'!B6")="","",INDIRECT("'"&$A12&"'!B6")),"")) | D12: =IF($A12="","",IFERROR(IF(INDIRECT("'"&$A12&"'!B7")="","",INDIRECT("'"&$A12&"'!B7")),"")) | E12: =IF($A12="","",IFERROR(IF(INDIRECT("'"&$A12&"'!B8")="","",INDIRECT("'"&$A12&"'!B8")),"")) | F12: =IF($A12="","",IFERROR(IF(INDIRECT("'"&$A12&"'!B9")="","",INDIRECT("'"&$A12&"'!B9")&IF(INDIRECT("'"&$A12&"'!E9")="承諾",""," （"&INDIRECT("'"&$A12&"'!E9")&"）")),"")) | G12: =IF($A12="","",IFERROR(IF(INDIRECT("'"&$A12&"'!B10")="","",INDIRECT("'"&$A12&"'!B10")&IF(INDIRECT("'"&$A12&"'!E10")="承諾",""," （"&INDIRECT("'"&$A12&"'!E10")&"）")),"")) | H12: =IF($A12="","",IFERROR(IF(INDIRECT("'"&$A12&"'!B11")="","",INDIRECT("'"&$A12&"'!B11")&IF(INDIRECT("'"&$A12&"'!E11")="承諾",""," （"&INDIRECT("'"&$A12&"'!E11")&"）")),"")) | I12: =IF($A12="","",IFERROR(IF(INDIRECT("'"&$A12&"'!B12")="","",INDIRECT("'"&$A12&"'!B12")&IF(INDIRECT("'"&$A12&"'!E12")="承諾",""," （"&INDIRECT("'"&$A12&"'!E12")&"）")),"")) | J12: =IF($A12="","",IFERROR(IF(INDIRECT("'"&$A12&"'!B13")="","",INDIRECT("'"&$A12&"'!B13")&IF(INDIRECT("'"&$A12&"'!E13")="承諾",""," （"&INDIRECT("'"&$A12&"'!E13")&"）")),"")) | K12: =IF($A12="","",IFERROR(IF(INDIRECT("'"&$A12&"'!B14")="","",INDIRECT("'"&$A12&"'!B14")&IF(INDIRECT("'"&$A12&"'!E14")="承諾",""," （"&INDIRECT("'"&$A12&"'!E14")&"）")),"")) | L12: =IF($A12="","",IFERROR(IF(INDIRECT("'"&$A12&"'!B15")="","",INDIRECT("'"&$A12&"'!B15")&IF(INDIRECT("'"&$A12&"'!E15")="承諾",""," （"&INDIRECT("'"&$A12&"'!E15")&"）")),"")) | M12: =IF($A12="","",IFERROR(IF(INDIRECT("'"&$A12&"'!B16")="","",INDIRECT("'"&$A12&"'!B16")&IF(INDIRECT("'"&$A12&"'!E16")="承諾",""," （"&INDIRECT("'"&$A12&"'!E16")&"）")),"")) | N12: =IF($A12="","",IFERROR(_xlfn.TEXTJOIN("、",TRUE,INDIRECT("'"&$A12&"'!B17:B20")),"")) | O12: =IF($A12="","",IFERROR(IF(INDIRECT("'"&$A12&"'!B21")="","",INDIRECT("'"&$A12&"'!B21")&IF(INDIRECT("'"&$A12&"'!E21")="承諾",""," （"&INDIRECT("'"&$A12&"'!E21")&"）")),"")) | P12: =IF($A12="","",IFERROR(IF(INDIRECT("'"&$A12&"'!B27")="","",INDIRECT("'"&$A12&"'!B27")),""))
A13: ='📊ダッシュボード'!A16&"" | B13: =IF($A13="","",IFERROR(IF(INDIRECT("'"&$A13&"'!B4")="","",INDIRECT("'"&$A13&"'!B4")),"")) | C13: =IF($A13="","",IFERROR(IF(INDIRECT("'"&$A13&"'!B6")="","",INDIRECT("'"&$A13&"'!B6")),"")) | D13: =IF($A13="","",IFERROR(IF(INDIRECT("'"&$A13&"'!B7")="","",INDIRECT("'"&$A13&"'!B7")),"")) | E13: =IF($A13="","",IFERROR(IF(INDIRECT("'"&$A13&"'!B8")="","",INDIRECT("'"&$A13&"'!B8")),"")) | F13: =IF($A13="","",IFERROR(IF(INDIRECT("'"&$A13&"'!B9")="","",INDIRECT("'"&$A13&"'!B9")&IF(INDIRECT("'"&$A13&"'!E9")="承諾",""," （"&INDIRECT("'"&$A13&"'!E9")&"）")),"")) | G13: =IF($A13="","",IFERROR(IF(INDIRECT("'"&$A13&"'!B10")="","",INDIRECT("'"&$A13&"'!B10")&IF(INDIRECT("'"&$A13&"'!E10")="承諾",""," （"&INDIRECT("'"&$A13&"'!E10")&"）")),"")) | H13: =IF($A13="","",IFERROR(IF(INDIRECT("'"&$A13&"'!B11")="","",INDIRECT("'"&$A13&"'!B11")&IF(INDIRECT("'"&$A13&"'!E11")="承諾",""," （"&INDIRECT("'"&$A13&"'!E11")&"）")),"")) | I13: =IF($A13="","",IFERROR(IF(INDIRECT("'"&$A13&"'!B12")="","",INDIRECT("'"&$A13&"'!B12")&IF(INDIRECT("'"&$A13&"'!E12")="承諾",""," （"&INDIRECT("'"&$A13&"'!E12")&"）")),"")) | J13: =IF($A13="","",IFERROR(IF(INDIRECT("'"&$A13&"'!B13")="","",INDIRECT("'"&$A13&"'!B13")&IF(INDIRECT("'"&$A13&"'!E13")="承諾",""," （"&INDIRECT("'"&$A13&"'!E13")&"）")),"")) | K13: =IF($A13="","",IFERROR(IF(INDIRECT("'"&$A13&"'!B14")="","",INDIRECT("'"&$A13&"'!B14")&IF(INDIRECT("'"&$A13&"'!E14")="承諾",""," （"&INDIRECT("'"&$A13&"'!E14")&"）")),"")) | L13: =IF($A13="","",IFERROR(IF(INDIRECT("'"&$A13&"'!B15")="","",INDIRECT("'"&$A13&"'!B15")&IF(INDIRECT("'"&$A13&"'!E15")="承諾",""," （"&INDIRECT("'"&$A13&"'!E15")&"）")),"")) | M13: =IF($A13="","",IFERROR(IF(INDIRECT("'"&$A13&"'!B16")="","",INDIRECT("'"&$A13&"'!B16")&IF(INDIRECT("'"&$A13&"'!E16")="承諾",""," （"&INDIRECT("'"&$A13&"'!E16")&"）")),"")) | N13: =IF($A13="","",IFERROR(_xlfn.TEXTJOIN("、",TRUE,INDIRECT("'"&$A13&"'!B17:B20")),"")) | O13: =IF($A13="","",IFERROR(IF(INDIRECT("'"&$A13&"'!B21")="","",INDIRECT("'"&$A13&"'!B21")&IF(INDIRECT("'"&$A13&"'!E21")="承諾",""," （"&INDIRECT("'"&$A13&"'!E21")&"）")),"")) | P13: =IF($A13="","",IFERROR(IF(INDIRECT("'"&$A13&"'!B27")="","",INDIRECT("'"&$A13&"'!B27")),""))
A14: ='📊ダッシュボード'!A17&"" | B14: =IF($A14="","",IFERROR(IF(INDIRECT("'"&$A14&"'!B4")="","",INDIRECT("'"&$A14&"'!B4")),"")) | C14: =IF($A14="","",IFERROR(IF(INDIRECT("'"&$A14&"'!B6")="","",INDIRECT("'"&$A14&"'!B6")),"")) | D14: =IF($A14="","",IFERROR(IF(INDIRECT("'"&$A14&"'!B7")="","",INDIRECT("'"&$A14&"'!B7")),"")) | E14: =IF($A14="","",IFERROR(IF(INDIRECT("'"&$A14&"'!B8")="","",INDIRECT("'"&$A14&"'!B8")),"")) | F14: =IF($A14="","",IFERROR(IF(INDIRECT("'"&$A14&"'!B9")="","",INDIRECT("'"&$A14&"'!B9")&IF(INDIRECT("'"&$A14&"'!E9")="承諾",""," （"&INDIRECT("'"&$A14&"'!E9")&"）")),"")) | G14: =IF($A14="","",IFERROR(IF(INDIRECT("'"&$A14&"'!B10")="","",INDIRECT("'"&$A14&"'!B10")&IF(INDIRECT("'"&$A14&"'!E10")="承諾",""," （"&INDIRECT("'"&$A14&"'!E10")&"）")),"")) | H14: =IF($A14="","",IFERROR(IF(INDIRECT("'"&$A14&"'!B11")="","",INDIRECT("'"&$A14&"'!B11")&IF(INDIRECT("'"&$A14&"'!E11")="承諾",""," （"&INDIRECT("'"&$A14&"'!E11")&"）")),"")) | I14: =IF($A14="","",IFERROR(IF(INDIRECT("'"&$A14&"'!B12")="","",INDIRECT("'"&$A14&"'!B12")&IF(INDIRECT("'"&$A14&"'!E12")="承諾",""," （"&INDIRECT("'"&$A14&"'!E12")&"）")),"")) | J14: =IF($A14="","",IFERROR(IF(INDIRECT("'"&$A14&"'!B13")="","",INDIRECT("'"&$A14&"'!B13")&IF(INDIRECT("'"&$A14&"'!E13")="承諾",""," （"&INDIRECT("'"&$A14&"'!E13")&"）")),"")) | K14: =IF($A14="","",IFERROR(IF(INDIRECT("'"&$A14&"'!B14")="","",INDIRECT("'"&$A14&"'!B14")&IF(INDIRECT("'"&$A14&"'!E14")="承諾",""," （"&INDIRECT("'"&$A14&"'!E14")&"）")),"")) | L14: =IF($A14="","",IFERROR(IF(INDIRECT("'"&$A14&"'!B15")="","",INDIRECT("'"&$A14&"'!B15")&IF(INDIRECT("'"&$A14&"'!E15")="承諾",""," （"&INDIRECT("'"&$A14&"'!E15")&"）")),"")) | M14: =IF($A14="","",IFERROR(IF(INDIRECT("'"&$A14&"'!B16")="","",INDIRECT("'"&$A14&"'!B16")&IF(INDIRECT("'"&$A14&"'!E16")="承諾",""," （"&INDIRECT("'"&$A14&"'!E16")&"）")),"")) | N14: =IF($A14="","",IFERROR(_xlfn.TEXTJOIN("、",TRUE,INDIRECT("'"&$A14&"'!B17:B20")),"")) | O14: =IF($A14="","",IFERROR(IF(INDIRECT("'"&$A14&"'!B21")="","",INDIRECT("'"&$A14&"'!B21")&IF(INDIRECT("'"&$A14&"'!E21")="承諾",""," （"&INDIRECT("'"&$A14&"'!E21")&"）")),"")) | P14: =IF($A14="","",IFERROR(IF(INDIRECT("'"&$A14&"'!B27")="","",INDIRECT("'"&$A14&"'!B27")),""))
A15: ='📊ダッシュボード'!A18&"" | B15: =IF($A15="","",IFERROR(IF(INDIRECT("'"&$A15&"'!B4")="","",INDIRECT("'"&$A15&"'!B4")),"")) | C15: =IF($A15="","",IFERROR(IF(INDIRECT("'"&$A15&"'!B6")="","",INDIRECT("'"&$A15&"'!B6")),"")) | D15: =IF($A15="","",IFERROR(IF(INDIRECT("'"&$A15&"'!B7")="","",INDIRECT("'"&$A15&"'!B7")),"")) | E15: =IF($A15="","",IFERROR(IF(INDIRECT("'"&$A15&"'!B8")="","",INDIRECT("'"&$A15&"'!B8")),"")) | F15: =IF($A15="","",IFERROR(IF(INDIRECT("'"&$A15&"'!B9")="","",INDIRECT("'"&$A15&"'!B9")&IF(INDIRECT("'"&$A15&"'!E9")="承諾",""," （"&INDIRECT("'"&$A15&"'!E9")&"）")),"")) | G15: =IF($A15="","",IFERROR(IF(INDIRECT("'"&$A15&"'!B10")="","",INDIRECT("'"&$A15&"'!B10")&IF(INDIRECT("'"&$A15&"'!E10")="承諾",""," （"&INDIRECT("'"&$A15&"'!E10")&"）")),"")) | H15: =IF($A15="","",IFERROR(IF(INDIRECT("'"&$A15&"'!B11")="","",INDIRECT("'"&$A15&"'!B11")&IF(INDIRECT("'"&$A15&"'!E11")="承諾",""," （"&INDIRECT("'"&$A15&"'!E11")&"）")),"")) | I15: =IF($A15="","",IFERROR(IF(INDIRECT("'"&$A15&"'!B12")="","",INDIRECT("'"&$A15&"'!B12")&IF(INDIRECT("'"&$A15&"'!E12")="承諾",""," （"&INDIRECT("'"&$A15&"'!E12")&"）")),"")) | J15: =IF($A15="","",IFERROR(IF(INDIRECT("'"&$A15&"'!B13")="","",INDIRECT("'"&$A15&"'!B13")&IF(INDIRECT("'"&$A15&"'!E13")="承諾",""," （"&INDIRECT("'"&$A15&"'!E13")&"）")),"")) | K15: =IF($A15="","",IFERROR(IF(INDIRECT("'"&$A15&"'!B14")="","",INDIRECT("'"&$A15&"'!B14")&IF(INDIRECT("'"&$A15&"'!E14")="承諾",""," （"&INDIRECT("'"&$A15&"'!E14")&"）")),"")) | L15: =IF($A15="","",IFERROR(IF(INDIRECT("'"&$A15&"'!B15")="","",INDIRECT("'"&$A15&"'!B15")&IF(INDIRECT("'"&$A15&"'!E15")="承諾",""," （"&INDIRECT("'"&$A15&"'!E15")&"）")),"")) | M15: =IF($A15="","",IFERROR(IF(INDIRECT("'"&$A15&"'!B16")="","",INDIRECT("'"&$A15&"'!B16")&IF(INDIRECT("'"&$A15&"'!E16")="承諾",""," （"&INDIRECT("'"&$A15&"'!E16")&"）")),"")) | N15: =IF($A15="","",IFERROR(_xlfn.TEXTJOIN("、",TRUE,INDIRECT("'"&$A15&"'!B17:B20")),"")) | O15: =IF($A15="","",IFERROR(IF(INDIRECT("'"&$A15&"'!B21")="","",INDIRECT("'"&$A15&"'!B21")&IF(INDIRECT("'"&$A15&"'!E21")="承諾",""," （"&INDIRECT("'"&$A15&"'!E21")&"）")),"")) | P15: =IF($A15="","",IFERROR(IF(INDIRECT("'"&$A15&"'!B27")="","",INDIRECT("'"&$A15&"'!B27")),""))
A16: ='📊ダッシュボード'!A19&"" | B16: =IF($A16="","",IFERROR(IF(INDIRECT("'"&$A16&"'!B4")="","",INDIRECT("'"&$A16&"'!B4")),"")) | C16: =IF($A16="","",IFERROR(IF(INDIRECT("'"&$A16&"'!B6")="","",INDIRECT("'"&$A16&"'!B6")),"")) | D16: =IF($A16="","",IFERROR(IF(INDIRECT("'"&$A16&"'!B7")="","",INDIRECT("'"&$A16&"'!B7")),"")) | E16: =IF($A16="","",IFERROR(IF(INDIRECT("'"&$A16&"'!B8")="","",INDIRECT("'"&$A16&"'!B8")),"")) | F16: =IF($A16="","",IFERROR(IF(INDIRECT("'"&$A16&"'!B9")="","",INDIRECT("'"&$A16&"'!B9")&IF(INDIRECT("'"&$A16&"'!E9")="承諾",""," （"&INDIRECT("'"&$A16&"'!E9")&"）")),"")) | G16: =IF($A16="","",IFERROR(IF(INDIRECT("'"&$A16&"'!B10")="","",INDIRECT("'"&$A16&"'!B10")&IF(INDIRECT("'"&$A16&"'!E10")="承諾",""," （"&INDIRECT("'"&$A16&"'!E10")&"）")),"")) | H16: =IF($A16="","",IFERROR(IF(INDIRECT("'"&$A16&"'!B11")="","",INDIRECT("'"&$A16&"'!B11")&IF(INDIRECT("'"&$A16&"'!E11")="承諾",""," （"&INDIRECT("'"&$A16&"'!E11")&"）")),"")) | I16: =IF($A16="","",IFERROR(IF(INDIRECT("'"&$A16&"'!B12")="","",INDIRECT("'"&$A16&"'!B12")&IF(INDIRECT("'"&$A16&"'!E12")="承諾",""," （"&INDIRECT("'"&$A16&"'!E12")&"）")),"")) | J16: =IF($A16="","",IFERROR(IF(INDIRECT("'"&$A16&"'!B13")="","",INDIRECT("'"&$A16&"'!B13")&IF(INDIRECT("'"&$A16&"'!E13")="承諾",""," （"&INDIRECT("'"&$A16&"'!E13")&"）")),"")) | K16: =IF($A16="","",IFERROR(IF(INDIRECT("'"&$A16&"'!B14")="","",INDIRECT("'"&$A16&"'!B14")&IF(INDIRECT("'"&$A16&"'!E14")="承諾",""," （"&INDIRECT("'"&$A16&"'!E14")&"）")),"")) | L16: =IF($A16="","",IFERROR(IF(INDIRECT("'"&$A16&"'!B15")="","",INDIRECT("'"&$A16&"'!B15")&IF(INDIRECT("'"&$A16&"'!E15")="承諾",""," （"&INDIRECT("'"&$A16&"'!E15")&"）")),"")) | M16: =IF($A16="","",IFERROR(IF(INDIRECT("'"&$A16&"'!B16")="","",INDIRECT("'"&$A16&"'!B16")&IF(INDIRECT("'"&$A16&"'!E16")="承諾",""," （"&INDIRECT("'"&$A16&"'!E16")&"）")),"")) | N16: =IF($A16="","",IFERROR(_xlfn.TEXTJOIN("、",TRUE,INDIRECT("'"&$A16&"'!B17:B20")),"")) | O16: =IF($A16="","",IFERROR(IF(INDIRECT("'"&$A16&"'!B21")="","",INDIRECT("'"&$A16&"'!B21")&IF(INDIRECT("'"&$A16&"'!E21")="承諾",""," （"&INDIRECT("'"&$A16&"'!E21")&"）")),"")) | P16: =IF($A16="","",IFERROR(IF(INDIRECT("'"&$A16&"'!B27")="","",INDIRECT("'"&$A16&"'!B27")),""))
... A24: ='📊ダッシュボード'!A27&"" | B24: =IF($A24="","",IFERROR(IF(INDIRECT("'"&$A24&"'!B4")="","",INDIRECT("'"&$A24&"'!B4")),"")) | C24: =IF($A24="","",IFERROR(IF(INDIRECT("'"&$A24&"'!B6")="","",INDIRECT("'"&$A24&"'!B6")),"")) | D24: =IF($A24="","",IFERROR(IF(INDIRECT("'"&$A24&"'!B7")="","",INDIRECT("'"&$A24&"'!B7")),"")) | E24: =IF($A24="","",IFERROR(IF(INDIRECT("'"&$A24&"'!B8")="","",INDIRECT("'"&$A24&"'!B8")),"")) | F24: =IF($A24="","",IFERROR(IF(INDIRECT("'"&$A24&"'!B9")="","",INDIRECT("'"&$A24&"'!B9")&IF(INDIRECT("'"&$A24&"'!E9")="承諾",""," （"&INDIRECT("'"&$A24&"'!E9")&"）")),"")) | G24: =IF($A24="","",IFERROR(IF(INDIRECT("'"&$A24&"'!B10")="","",INDIRECT("'"&$A24&"'!B10")&IF(INDIRECT("'"&$A24&"'!E10")="承諾",""," （"&INDIRECT("'"&$A24&"'!E10")&"）")),"")) | H24: =IF($A24="","",IFERROR(IF(INDIRECT("'"&$A24&"'!B11")="","",INDIRECT("'"&$A24&"'!B11")&IF(INDIRECT("'"&$A24&"'!E11")="承諾",""," （"&INDIRECT("'"&$A24&"'!E11")&"）")),"")) | I24: =IF($A24="","",IFERROR(IF(INDIRECT("'"&$A24&"'!B12")="","",INDIRECT("'"&$A24&"'!B12")&IF(INDIRECT("'"&$A24&"'!E12")="承諾",""," （"&INDIRECT("'"&$A24&"'!E12")&"）")),"")) | J24: =IF($A24="","",IFERROR(IF(INDIRECT("'"&$A24&"'!B13")="","",INDIRECT("'"&$A24&"'!B13")&IF(INDIRECT("'"&$A24&"'!E13")="承諾",""," （"&INDIRECT("'"&$A24&"'!E13")&"）")),"")) | K24: =IF($A24="","",IFERROR(IF(INDIRECT("'"&$A24&"'!B14")="","",INDIRECT("'"&$A24&"'!B14")&IF(INDIRECT("'"&$A24&"'!E14")="承諾",""," （"&INDIRECT("'"&$A24&"'!E14")&"）")),"")) | L24: =IF($A24="","",IFERROR(IF(INDIRECT("'"&$A24&"'!B15")="","",INDIRECT("'"&$A24&"'!B15")&IF(INDIRECT("'"&$A24&"'!E15")="承諾",""," （"&INDIRECT("'"&$A24&"'!E15")&"）")),"")) | M24: =IF($A24="","",IFERROR(IF(INDIRECT("'"&$A24&"'!B16")="","",INDIRECT("'"&$A24&"'!B16")&IF(INDIRECT("'"&$A24&"'!E16")="承諾",""," （"&INDIRECT("'"&$A24&"'!E16")&"）")),"")) | N24: =IF($A24="","",IFERROR(_xlfn.TEXTJOIN("、",TRUE,INDIRECT("'"&$A24&"'!B17:B20")),"")) | O24: =IF($A24="","",IFERROR(IF(INDIRECT("'"&$A24&"'!B21")="","",INDIRECT("'"&$A24&"'!B21")&IF(INDIRECT("'"&$A24&"'!E21")="承諾",""," （"&INDIRECT("'"&$A24&"'!E21")&"）")),"")) | P24: =IF($A24="","",IFERROR(IF(INDIRECT("'"&$A24&"'!B27")="","",INDIRECT("'"&$A24&"'!B27")),""))

Sheet 週次推移
A1: 週次推移（10/5スタート・月曜はじまり・13週＝年末まで）
A2: 開始日は『設定』シートで変更できます。黄色の列＝今週／まだ来ていない週は空欄／過ぎた週で0はオレンジ
A4: ■ 声かけ数（日次ログ）
A5: 週 | B5: 第1週 | C5: 第2週 | D5: 第3週 | E5: 第4週 | F5: 第5週 | G5: 第6週 | H5: 第7週 | I5: 第8週 | J5: 第9週 | K5: 第10週 | L5: 第11週 | M5: 第12週 | N5: 第13週
A6: ローンチ（LD名） | B6: ='設定'!$B$12+7*0 | C6: ='設定'!$B$12+7*1 | D6: ='設定'!$B$12+7*2 | E6: ='設定'!$B$12+7*3 | F6: ='設定'!$B$12+7*4 | G6: ='設定'!$B$12+7*5 | H6: ='設定'!$B$12+7*6 | I6: ='設定'!$B$12+7*7 | J6: ='設定'!$B$12+7*8 | K6: ='設定'!$B$12+7*9 | L6: ='設定'!$B$12+7*10 | M6: ='設定'!$B$12+7*11 | N6: ='設定'!$B$12+7*12 | O6: 累計
A7: ='📊ダッシュボード'!A8&"" | B7: =IF(OR($A7="",B$6>TODAY()),"",SUMIFS('日次ログ'!$D$5:$D$1504,'日次ログ'!$B$5:$B$1504,$A7,'日次ログ'!$A$5:$A$1504,">="&B$6,'日次ログ'!$A$5:$A$1504,"<"&(B$6+7))) | C7: =IF(OR($A7="",C$6>TODAY()),"",SUMIFS('日次ログ'!$D$5:$D$1504,'日次ログ'!$B$5:$B$1504,$A7,'日次ログ'!$A$5:$A$1504,">="&C$6,'日次ログ'!$A$5:$A$1504,"<"&(C$6+7))) | D7: =IF(OR($A7="",D$6>TODAY()),"",SUMIFS('日次ログ'!$D$5:$D$1504,'日次ログ'!$B$5:$B$1504,$A7,'日次ログ'!$A$5:$A$1504,">="&D$6,'日次ログ'!$A$5:$A$1504,"<"&(D$6+7))) | E7: =IF(OR($A7="",E$6>TODAY()),"",SUMIFS('日次ログ'!$D$5:$D$1504,'日次ログ'!$B$5:$B$1504,$A7,'日次ログ'!$A$5:$A$1504,">="&E$6,'日次ログ'!$A$5:$A$1504,"<"&(E$6+7))) | F7: =IF(OR($A7="",F$6>TODAY()),"",SUMIFS('日次ログ'!$D$5:$D$1504,'日次ログ'!$B$5:$B$1504,$A7,'日次ログ'!$A$5:$A$1504,">="&F$6,'日次ログ'!$A$5:$A$1504,"<"&(F$6+7))) | G7: =IF(OR($A7="",G$6>TODAY()),"",SUMIFS('日次ログ'!$D$5:$D$1504,'日次ログ'!$B$5:$B$1504,$A7,'日次ログ'!$A$5:$A$1504,">="&G$6,'日次ログ'!$A$5:$A$1504,"<"&(G$6+7))) | H7: =IF(OR($A7="",H$6>TODAY()),"",SUMIFS('日次ログ'!$D$5:$D$1504,'日次ログ'!$B$5:$B$1504,$A7,'日次ログ'!$A$5:$A$1504,">="&H$6,'日次ログ'!$A$5:$A$1504,"<"&(H$6+7))) | I7: =IF(OR($A7="",I$6>TODAY()),"",SUMIFS('日次ログ'!$D$5:$D$1504,'日次ログ'!$B$5:$B$1504,$A7,'日次ログ'!$A$5:$A$1504,">="&I$6,'日次ログ'!$A$5:$A$1504,"<"&(I$6+7))) | ... N7: =IF(OR($A7="",N$6>TODAY()),"",SUMIFS('日次ログ'!$D$5:$D$1504,'日次ログ'!$B$5:$B$1504,$A7,'日次ログ'!$A$5:$A$1504,">="&N$6,'日次ログ'!$A$5:$A$1504,"<"&(N$6+7))) | O7: =IF($A7="","",SUM(B7:N7))
A8: ='📊ダッシュボード'!A9&"" | B8: =IF(OR($A8="",B$6>TODAY()),"",SUMIFS('日次ログ'!$D$5:$D$1504,'日次ログ'!$B$5:$B$1504,$A8,'日次ログ'!$A$5:$A$1504,">="&B$6,'日次ログ'!$A$5:$A$1504,"<"&(B$6+7))) | C8: =IF(OR($A8="",C$6>TODAY()),"",SUMIFS('日次ログ'!$D$5:$D$1504,'日次ログ'!$B$5:$B$1504,$A8,'日次ログ'!$A$5:$A$1504,">="&C$6,'日次ログ'!$A$5:$A$1504,"<"&(C$6+7))) | D8: =IF(OR($A8="",D$6>TODAY()),"",SUMIFS('日次ログ'!$D$5:$D$1504,'日次ログ'!$B$5:$B$1504,$A8,'日次ログ'!$A$5:$A$1504,">="&D$6,'日次ログ'!$A$5:$A$1504,"<"&(D$6+7))) | E8: =IF(OR($A8="",E$6>TODAY()),"",SUMIFS('日次ログ'!$D$5:$D$1504,'日次ログ'!$B$5:$B$1504,$A8,'日次ログ'!$A$5:$A$1504,">="&E$6,'日次ログ'!$A$5:$A$1504,"<"&(E$6+7))) | F8: =IF(OR($A8="",F$6>TODAY()),"",SUMIFS('日次ログ'!$D$5:$D$1504,'日次ログ'!$B$5:$B$1504,$A8,'日次ログ'!$A$5:$A$1504,">="&F$6,'日次ログ'!$A$5:$A$1504,"<"&(F$6+7))) | G8: =IF(OR($A8="",G$6>TODAY()),"",SUMIFS('日次ログ'!$D$5:$D$1504,'日次ログ'!$B$5:$B$1504,$A8,'日次ログ'!$A$5:$A$1504,">="&G$6,'日次ログ'!$A$5:$A$1504,"<"&(G$6+7))) | H8: =IF(OR($A8="",H$6>TODAY()),"",SUMIFS('日次ログ'!$D$5:$D$1504,'日次ログ'!$B$5:$B$1504,$A8,'日次ログ'!$A$5:$A$1504,">="&H$6,'日次ログ'!$A$5:$A$1504,"<"&(H$6+7))) | I8: =IF(OR($A8="",I$6>TODAY()),"",SUMIFS('日次ログ'!$D$5:$D$1504,'日次ログ'!$B$5:$B$1504,$A8,'日次ログ'!$A$5:$A$1504,">="&I$6,'日次ログ'!$A$5:$A$1504,"<"&(I$6+7))) | ... N8: =IF(OR($A8="",N$6>TODAY()),"",SUMIFS('日次ログ'!$D$5:$D$1504,'日次ログ'!$B$5:$B$1504,$A8,'日次ログ'!$A$5:$A$1504,">="&N$6,'日次ログ'!$A$5:$A$1504,"<"&(N$6+7))) | O8: =IF($A8="","",SUM(B8:N8))
A9: ='📊ダッシュボード'!A10&"" | B9: =IF(OR($A9="",B$6>TODAY()),"",SUMIFS('日次ログ'!$D$5:$D$1504,'日次ログ'!$B$5:$B$1504,$A9,'日次ログ'!$A$5:$A$1504,">="&B$6,'日次ログ'!$A$5:$A$1504,"<"&(B$6+7))) | C9: =IF(OR($A9="",C$6>TODAY()),"",SUMIFS('日次ログ'!$D$5:$D$1504,'日次ログ'!$B$5:$B$1504,$A9,'日次ログ'!$A$5:$A$1504,">="&C$6,'日次ログ'!$A$5:$A$1504,"<"&(C$6+7))) | D9: =IF(OR($A9="",D$6>TODAY()),"",SUMIFS('日次ログ'!$D$5:$D$1504,'日次ログ'!$B$5:$B$1504,$A9,'日次ログ'!$A$5:$A$1504,">="&D$6,'日次ログ'!$A$5:$A$1504,"<"&(D$6+7))) | E9: =IF(OR($A9="",E$6>TODAY()),"",SUMIFS('日次ログ'!$D$5:$D$1504,'日次ログ'!$B$5:$B$1504,$A9,'日次ログ'!$A$5:$A$1504,">="&E$6,'日次ログ'!$A$5:$A$1504,"<"&(E$6+7))) | F9: =IF(OR($A9="",F$6>TODAY()),"",SUMIFS('日次ログ'!$D$5:$D$1504,'日次ログ'!$B$5:$B$1504,$A9,'日次ログ'!$A$5:$A$1504,">="&F$6,'日次ログ'!$A$5:$A$1504,"<"&(F$6+7))) | G9: =IF(OR($A9="",G$6>TODAY()),"",SUMIFS('日次ログ'!$D$5:$D$1504,'日次ログ'!$B$5:$B$1504,$A9,'日次ログ'!$A$5:$A$1504,">="&G$6,'日次ログ'!$A$5:$A$1504,"<"&(G$6+7))) | H9: =IF(OR($A9="",H$6>TODAY()),"",SUMIFS('日次ログ'!$D$5:$D$1504,'日次ログ'!$B$5:$B$1504,$A9,'日次ログ'!$A$5:$A$1504,">="&H$6,'日次ログ'!$A$5:$A$1504,"<"&(H$6+7))) | I9: =IF(OR($A9="",I$6>TODAY()),"",SUMIFS('日次ログ'!$D$5:$D$1504,'日次ログ'!$B$5:$B$1504,$A9,'日次ログ'!$A$5:$A$1504,">="&I$6,'日次ログ'!$A$5:$A$1504,"<"&(I$6+7))) | ... N9: =IF(OR($A9="",N$6>TODAY()),"",SUMIFS('日次ログ'!$D$5:$D$1504,'日次ログ'!$B$5:$B$1504,$A9,'日次ログ'!$A$5:$A$1504,">="&N$6,'日次ログ'!$A$5:$A$1504,"<"&(N$6+7))) | O9: =IF($A9="","",SUM(B9:N9))
A10: ='📊ダッシュボード'!A11&"" | B10: =IF(OR($A10="",B$6>TODAY()),"",SUMIFS('日次ログ'!$D$5:$D$1504,'日次ログ'!$B$5:$B$1504,$A10,'日次ログ'!$A$5:$A$1504,">="&B$6,'日次ログ'!$A$5:$A$1504,"<"&(B$6+7))) | C10: =IF(OR($A10="",C$6>TODAY()),"",SUMIFS('日次ログ'!$D$5:$D$1504,'日次ログ'!$B$5:$B$1504,$A10,'日次ログ'!$A$5:$A$1504,">="&C$6,'日次ログ'!$A$5:$A$1504,"<"&(C$6+7))) | D10: =IF(OR($A10="",D$6>TODAY()),"",SUMIFS('日次ログ'!$D$5:$D$1504,'日次ログ'!$B$5:$B$1504,$A10,'日次ログ'!$A$5:$A$1504,">="&D$6,'日次ログ'!$A$5:$A$1504,"<"&(D$6+7))) | E10: =IF(OR($A10="",E$6>TODAY()),"",SUMIFS('日次ログ'!$D$5:$D$1504,'日次ログ'!$B$5:$B$1504,$A10,'日次ログ'!$A$5:$A$1504,">="&E$6,'日次ログ'!$A$5:$A$1504,"<"&(E$6+7))) | F10: =IF(OR($A10="",F$6>TODAY()),"",SUMIFS('日次ログ'!$D$5:$D$1504,'日次ログ'!$B$5:$B$1504,$A10,'日次ログ'!$A$5:$A$1504,">="&F$6,'日次ログ'!$A$5:$A$1504,"<"&(F$6+7))) | G10: =IF(OR($A10="",G$6>TODAY()),"",SUMIFS('日次ログ'!$D$5:$D$1504,'日次ログ'!$B$5:$B$1504,$A10,'日次ログ'!$A$5:$A$1504,">="&G$6,'日次ログ'!$A$5:$A$1504,"<"&(G$6+7))) | H10: =IF(OR($A10="",H$6>TODAY()),"",SUMIFS('日次ログ'!$D$5:$D$1504,'日次ログ'!$B$5:$B$1504,$A10,'日次ログ'!$A$5:$A$1504,">="&H$6,'日次ログ'!$A$5:$A$1504,"<"&(H$6+7))) | I10: =IF(OR($A10="",I$6>TODAY()),"",SUMIFS('日次ログ'!$D$5:$D$1504,'日次ログ'!$B$5:$B$1504,$A10,'日次ログ'!$A$5:$A$1504,">="&I$6,'日次ログ'!$A$5:$A$1504,"<"&(I$6+7))) | ... N10: =IF(OR($A10="",N$6>TODAY()),"",SUMIFS('日次ログ'!$D$5:$D$1504,'日次ログ'!$B$5:$B$1504,$A10,'日次ログ'!$A$5:$A$1504,">="&N$6,'日次ログ'!$A$5:$A$1504,"<"&(N$6+7))) | O10: =IF($A10="","",SUM(B10:N10))
A11: ='📊ダッシュボード'!A12&"" | B11: =IF(OR($A11="",B$6>TODAY()),"",SUMIFS('日次ログ'!$D$5:$D$1504,'日次ログ'!$B$5:$B$1504,$A11,'日次ログ'!$A$5:$A$1504,">="&B$6,'日次ログ'!$A$5:$A$1504,"<"&(B$6+7))) | C11: =IF(OR($A11="",C$6>TODAY()),"",SUMIFS('日次ログ'!$D$5:$D$1504,'日次ログ'!$B$5:$B$1504,$A11,'日次ログ'!$A$5:$A$1504,">="&C$6,'日次ログ'!$A$5:$A$1504,"<"&(C$6+7))) | D11: =IF(OR($A11="",D$6>TODAY()),"",SUMIFS('日次ログ'!$D$5:$D$1504,'日次ログ'!$B$5:$B$1504,$A11,'日次ログ'!$A$5:$A$1504,">="&D$6,'日次ログ'!$A$5:$A$1504,"<"&(D$6+7))) | E11: =IF(OR($A11="",E$6>TODAY()),"",SUMIFS('日次ログ'!$D$5:$D$1504,'日次ログ'!$B$5:$B$1504,$A11,'日次ログ'!$A$5:$A$1504,">="&E$6,'日次ログ'!$A$5:$A$1504,"<"&(E$6+7))) | F11: =IF(OR($A11="",F$6>TODAY()),"",SUMIFS('日次ログ'!$D$5:$D$1504,'日次ログ'!$B$5:$B$1504,$A11,'日次ログ'!$A$5:$A$1504,">="&F$6,'日次ログ'!$A$5:$A$1504,"<"&(F$6+7))) | G11: =IF(OR($A11="",G$6>TODAY()),"",SUMIFS('日次ログ'!$D$5:$D$1504,'日次ログ'!$B$5:$B$1504,$A11,'日次ログ'!$A$5:$A$1504,">="&G$6,'日次ログ'!$A$5:$A$1504,"<"&(G$6+7))) | H11: =IF(OR($A11="",H$6>TODAY()),"",SUMIFS('日次ログ'!$D$5:$D$1504,'日次ログ'!$B$5:$B$1504,$A11,'日次ログ'!$A$5:$A$1504,">="&H$6,'日次ログ'!$A$5:$A$1504,"<"&(H$6+7))) | I11: =IF(OR($A11="",I$6>TODAY()),"",SUMIFS('日次ログ'!$D$5:$D$1504,'日次ログ'!$B$5:$B$1504,$A11,'日次ログ'!$A$5:$A$1504,">="&I$6,'日次ログ'!$A$5:$A$1504,"<"&(I$6+7))) | ... N11: =IF(OR($A11="",N$6>TODAY()),"",SUMIFS('日次ログ'!$D$5:$D$1504,'日次ログ'!$B$5:$B$1504,$A11,'日次ログ'!$A$5:$A$1504,">="&N$6,'日次ログ'!$A$5:$A$1504,"<"&(N$6+7))) | O11: =IF($A11="","",SUM(B11:N11))
A12: ='📊ダッシュボード'!A13&"" | B12: =IF(OR($A12="",B$6>TODAY()),"",SUMIFS('日次ログ'!$D$5:$D$1504,'日次ログ'!$B$5:$B$1504,$A12,'日次ログ'!$A$5:$A$1504,">="&B$6,'日次ログ'!$A$5:$A$1504,"<"&(B$6+7))) | C12: =IF(OR($A12="",C$6>TODAY()),"",SUMIFS('日次ログ'!$D$5:$D$1504,'日次ログ'!$B$5:$B$1504,$A12,'日次ログ'!$A$5:$A$1504,">="&C$6,'日次ログ'!$A$5:$A$1504,"<"&(C$6+7))) | D12: =IF(OR($A12="",D$6>TODAY()),"",SUMIFS('日次ログ'!$D$5:$D$1504,'日次ログ'!$B$5:$B$1504,$A12,'日次ログ'!$A$5:$A$1504,">="&D$6,'日次ログ'!$A$5:$A$1504,"<"&(D$6+7))) | E12: =IF(OR($A12="",E$6>TODAY()),"",SUMIFS('日次ログ'!$D$5:$D$1504,'日次ログ'!$B$5:$B$1504,$A12,'日次ログ'!$A$5:$A$1504,">="&E$6,'日次ログ'!$A$5:$A$1504,"<"&(E$6+7))) | F12: =IF(OR($A12="",F$6>TODAY()),"",SUMIFS('日次ログ'!$D$5:$D$1504,'日次ログ'!$B$5:$B$1504,$A12,'日次ログ'!$A$5:$A$1504,">="&F$6,'日次ログ'!$A$5:$A$1504,"<"&(F$6+7))) | G12: =IF(OR($A12="",G$6>TODAY()),"",SUMIFS('日次ログ'!$D$5:$D$1504,'日次ログ'!$B$5:$B$1504,$A12,'日次ログ'!$A$5:$A$1504,">="&G$6,'日次ログ'!$A$5:$A$1504,"<"&(G$6+7))) | H12: =IF(OR($A12="",H$6>TODAY()),"",SUMIFS('日次ログ'!$D$5:$D$1504,'日次ログ'!$B$5:$B$1504,$A12,'日次ログ'!$A$5:$A$1504,">="&H$6,'日次ログ'!$A$5:$A$1504,"<"&(H$6+7))) | I12: =IF(OR($A12="",I$6>TODAY()),"",SUMIFS('日次ログ'!$D$5:$D$1504,'日次ログ'!$B$5:$B$1504,$A12,'日次ログ'!$A$5:$A$1504,">="&I$6,'日次ログ'!$A$5:$A$1504,"<"&(I$6+7))) | ... N12: =IF(OR($A12="",N$6>TODAY()),"",SUMIFS('日次ログ'!$D$5:$D$1504,'日次ログ'!$B$5:$B$1504,$A12,'日次ログ'!$A$5:$A$1504,">="&N$6,'日次ログ'!$A$5:$A$1504,"<"&(N$6+7))) | O12: =IF($A12="","",SUM(B12:N12))
A13: ='📊ダッシュボード'!A14&"" | B13: =IF(OR($A13="",B$6>TODAY()),"",SUMIFS('日次ログ'!$D$5:$D$1504,'日次ログ'!$B$5:$B$1504,$A13,'日次ログ'!$A$5:$A$1504,">="&B$6,'日次ログ'!$A$5:$A$1504,"<"&(B$6+7))) | C13: =IF(OR($A13="",C$6>TODAY()),"",SUMIFS('日次ログ'!$D$5:$D$1504,'日次ログ'!$B$5:$B$1504,$A13,'日次ログ'!$A$5:$A$1504,">="&C$6,'日次ログ'!$A$5:$A$1504,"<"&(C$6+7))) | D13: =IF(OR($A13="",D$6>TODAY()),"",SUMIFS('日次ログ'!$D$5:$D$1504,'日次ログ'!$B$5:$B$1504,$A13,'日次ログ'!$A$5:$A$1504,">="&D$6,'日次ログ'!$A$5:$A$1504,"<"&(D$6+7))) | E13: =IF(OR($A13="",E$6>TODAY()),"",SUMIFS('日次ログ'!$D$5:$D$1504,'日次ログ'!$B$5:$B$1504,$A13,'日次ログ'!$A$5:$A$1504,">="&E$6,'日次ログ'!$A$5:$A$1504,"<"&(E$6+7))) | F13: =IF(OR($A13="",F$6>TODAY()),"",SUMIFS('日次ログ'!$D$5:$D$1504,'日次ログ'!$B$5:$B$1504,$A13,'日次ログ'!$A$5:$A$1504,">="&F$6,'日次ログ'!$A$5:$A$1504,"<"&(F$6+7))) | G13: =IF(OR($A13="",G$6>TODAY()),"",SUMIFS('日次ログ'!$D$5:$D$1504,'日次ログ'!$B$5:$B$1504,$A13,'日次ログ'!$A$5:$A$1504,">="&G$6,'日次ログ'!$A$5:$A$1504,"<"&(G$6+7))) | H13: =IF(OR($A13="",H$6>TODAY()),"",SUMIFS('日次ログ'!$D$5:$D$1504,'日次ログ'!$B$5:$B$1504,$A13,'日次ログ'!$A$5:$A$1504,">="&H$6,'日次ログ'!$A$5:$A$1504,"<"&(H$6+7))) | I13: =IF(OR($A13="",I$6>TODAY()),"",SUMIFS('日次ログ'!$D$5:$D$1504,'日次ログ'!$B$5:$B$1504,$A13,'日次ログ'!$A$5:$A$1504,">="&I$6,'日次ログ'!$A$5:$A$1504,"<"&(I$6+7))) | ... N13: =IF(OR($A13="",N$6>TODAY()),"",SUMIFS('日次ログ'!$D$5:$D$1504,'日次ログ'!$B$5:$B$1504,$A13,'日次ログ'!$A$5:$A$1504,">="&N$6,'日次ログ'!$A$5:$A$1504,"<"&(N$6+7))) | O13: =IF($A13="","",SUM(B13:N13))
A14: ='📊ダッシュボード'!A15&"" | B14: =IF(OR($A14="",B$6>TODAY()),"",SUMIFS('日次ログ'!$D$5:$D$1504,'日次ログ'!$B$5:$B$1504,$A14,'日次ログ'!$A$5:$A$1504,">="&B$6,'日次ログ'!$A$5:$A$1504,"<"&(B$6+7))) | C14: =IF(OR($A14="",C$6>TODAY()),"",SUMIFS('日次ログ'!$D$5:$D$1504,'日次ログ'!$B$5:$B$1504,$A14,'日次ログ'!$A$5:$A$1504,">="&C$6,'日次ログ'!$A$5:$A$1504,"<"&(C$6+7))) | D14: =IF(OR($A14="",D$6>TODAY()),"",SUMIFS('日次ログ'!$D$5:$D$1504,'日次ログ'!$B$5:$B$1504,$A14,'日次ログ'!$A$5:$A$1504,">="&D$6,'日次ログ'!$A$5:$A$1504,"<"&(D$6+7))) | E14: =IF(OR($A14="",E$6>TODAY()),"",SUMIFS('日次ログ'!$D$5:$D$1504,'日次ログ'!$B$5:$B$1504,$A14,'日次ログ'!$A$5:$A$1504,">="&E$6,'日次ログ'!$A$5:$A$1504,"<"&(E$6+7))) | F14: =IF(OR($A14="",F$6>TODAY()),"",SUMIFS('日次ログ'!$D$5:$D$1504,'日次ログ'!$B$5:$B$1504,$A14,'日次ログ'!$A$5:$A$1504,">="&F$6,'日次ログ'!$A$5:$A$1504,"<"&(F$6+7))) | G14: =IF(OR($A14="",G$6>TODAY()),"",SUMIFS('日次ログ'!$D$5:$D$1504,'日次ログ'!$B$5:$B$1504,$A14,'日次ログ'!$A$5:$A$1504,">="&G$6,'日次ログ'!$A$5:$A$1504,"<"&(G$6+7))) | H14: =IF(OR($A14="",H$6>TODAY()),"",SUMIFS('日次ログ'!$D$5:$D$1504,'日次ログ'!$B$5:$B$1504,$A14,'日次ログ'!$A$5:$A$1504,">="&H$6,'日次ログ'!$A$5:$A$1504,"<"&(H$6+7))) | I14: =IF(OR($A14="",I$6>TODAY()),"",SUMIFS('日次ログ'!$D$5:$D$1504,'日次ログ'!$B$5:$B$1504,$A14,'日次ログ'!$A$5:$A$1504,">="&I$6,'日次ログ'!$A$5:$A$1504,"<"&(I$6+7))) | ... N14: =IF(OR($A14="",N$6>TODAY()),"",SUMIFS('日次ログ'!$D$5:$D$1504,'日次ログ'!$B$5:$B$1504,$A14,'日次ログ'!$A$5:$A$1504,">="&N$6,'日次ログ'!$A$5:$A$1504,"<"&(N$6+7))) | O14: =IF($A14="","",SUM(B14:N14))
A15: ='📊ダッシュボード'!A16&"" | B15: =IF(OR($A15="",B$6>TODAY()),"",SUMIFS('日次ログ'!$D$5:$D$1504,'日次ログ'!$B$5:$B$1504,$A15,'日次ログ'!$A$5:$A$1504,">="&B$6,'日次ログ'!$A$5:$A$1504,"<"&(B$6+7))) | C15: =IF(OR($A15="",C$6>TODAY()),"",SUMIFS('日次ログ'!$D$5:$D$1504,'日次ログ'!$B$5:$B$1504,$A15,'日次ログ'!$A$5:$A$1504,">="&C$6,'日次ログ'!$A$5:$A$1504,"<"&(C$6+7))) | D15: =IF(OR($A15="",D$6>TODAY()),"",SUMIFS('日次ログ'!$D$5:$D$1504,'日次ログ'!$B$5:$B$1504,$A15,'日次ログ'!$A$5:$A$1504,">="&D$6,'日次ログ'!$A$5:$A$1504,"<"&(D$6+7))) | E15: =IF(OR($A15="",E$6>TODAY()),"",SUMIFS('日次ログ'!$D$5:$D$1504,'日次ログ'!$B$5:$B$1504,$A15,'日次ログ'!$A$5:$A$1504,">="&E$6,'日次ログ'!$A$5:$A$1504,"<"&(E$6+7))) | F15: =IF(OR($A15="",F$6>TODAY()),"",SUMIFS('日次ログ'!$D$5:$D$1504,'日次ログ'!$B$5:$B$1504,$A15,'日次ログ'!$A$5:$A$1504,">="&F$6,'日次ログ'!$A$5:$A$1504,"<"&(F$6+7))) | G15: =IF(OR($A15="",G$6>TODAY()),"",SUMIFS('日次ログ'!$D$5:$D$1504,'日次ログ'!$B$5:$B$1504,$A15,'日次ログ'!$A$5:$A$1504,">="&G$6,'日次ログ'!$A$5:$A$1504,"<"&(G$6+7))) | H15: =IF(OR($A15="",H$6>TODAY()),"",SUMIFS('日次ログ'!$D$5:$D$1504,'日次ログ'!$B$5:$B$1504,$A15,'日次ログ'!$A$5:$A$1504,">="&H$6,'日次ログ'!$A$5:$A$1504,"<"&(H$6+7))) | I15: =IF(OR($A15="",I$6>TODAY()),"",SUMIFS('日次ログ'!$D$5:$D$1504,'日次ログ'!$B$5:$B$1504,$A15,'日次ログ'!$A$5:$A$1504,">="&I$6,'日次ログ'!$A$5:$A$1504,"<"&(I$6+7))) | ... N15: =IF(OR($A15="",N$6>TODAY()),"",SUMIFS('日次ログ'!$D$5:$D$1504,'日次ログ'!$B$5:$B$1504,$A15,'日次ログ'!$A$5:$A$1504,">="&N$6,'日次ログ'!$A$5:$A$1504,"<"&(N$6+7))) | O15: =IF($A15="","",SUM(B15:N15))
A16: ='📊ダッシュボード'!A17&"" | B16: =IF(OR($A16="",B$6>TODAY()),"",SUMIFS('日次ログ'!$D$5:$D$1504,'日次ログ'!$B$5:$B$1504,$A16,'日次ログ'!$A$5:$A$1504,">="&B$6,'日次ログ'!$A$5:$A$1504,"<"&(B$6+7))) | C16: =IF(OR($A16="",C$6>TODAY()),"",SUMIFS('日次ログ'!$D$5:$D$1504,'日次ログ'!$B$5:$B$1504,$A16,'日次ログ'!$A$5:$A$1504,">="&C$6,'日次ログ'!$A$5:$A$1504,"<"&(C$6+7))) | D16: =IF(OR($A16="",D$6>TODAY()),"",SUMIFS('日次ログ'!$D$5:$D$1504,'日次ログ'!$B$5:$B$1504,$A16,'日次ログ'!$A$5:$A$1504,">="&D$6,'日次ログ'!$A$5:$A$1504,"<"&(D$6+7))) | E16: =IF(OR($A16="",E$6>TODAY()),"",SUMIFS('日次ログ'!$D$5:$D$1504,'日次ログ'!$B$5:$B$1504,$A16,'日次ログ'!$A$5:$A$1504,">="&E$6,'日次ログ'!$A$5:$A$1504,"<"&(E$6+7))) | F16: =IF(OR($A16="",F$6>TODAY()),"",SUMIFS('日次ログ'!$D$5:$D$1504,'日次ログ'!$B$5:$B$1504,$A16,'日次ログ'!$A$5:$A$1504,">="&F$6,'日次ログ'!$A$5:$A$1504,"<"&(F$6+7))) | G16: =IF(OR($A16="",G$6>TODAY()),"",SUMIFS('日次ログ'!$D$5:$D$1504,'日次ログ'!$B$5:$B$1504,$A16,'日次ログ'!$A$5:$A$1504,">="&G$6,'日次ログ'!$A$5:$A$1504,"<"&(G$6+7))) | H16: =IF(OR($A16="",H$6>TODAY()),"",SUMIFS('日次ログ'!$D$5:$D$1504,'日次ログ'!$B$5:$B$1504,$A16,'日次ログ'!$A$5:$A$1504,">="&H$6,'日次ログ'!$A$5:$A$1504,"<"&(H$6+7))) | I16: =IF(OR($A16="",I$6>TODAY()),"",SUMIFS('日次ログ'!$D$5:$D$1504,'日次ログ'!$B$5:$B$1504,$A16,'日次ログ'!$A$5:$A$1504,">="&I$6,'日次ログ'!$A$5:$A$1504,"<"&(I$6+7))) | ... N16: =IF(OR($A16="",N$6>TODAY()),"",SUMIFS('日次ログ'!$D$5:$D$1504,'日次ログ'!$B$5:$B$1504,$A16,'日次ログ'!$A$5:$A$1504,">="&N$6,'日次ログ'!$A$5:$A$1504,"<"&(N$6+7))) | O16: =IF($A16="","",SUM(B16:N16))
A17: ='📊ダッシュボード'!A18&"" | B17: =IF(OR($A17="",B$6>TODAY()),"",SUMIFS('日次ログ'!$D$5:$D$1504,'日次ログ'!$B$5:$B$1504,$A17,'日次ログ'!$A$5:$A$1504,">="&B$6,'日次ログ'!$A$5:$A$1504,"<"&(B$6+7))) | C17: =IF(OR($A17="",C$6>TODAY()),"",SUMIFS('日次ログ'!$D$5:$D$1504,'日次ログ'!$B$5:$B$1504,$A17,'日次ログ'!$A$5:$A$1504,">="&C$6,'日次ログ'!$A$5:$A$1504,"<"&(C$6+7))) | D17: =IF(OR($A17="",D$6>TODAY()),"",SUMIFS('日次ログ'!$D$5:$D$1504,'日次ログ'!$B$5:$B$1504,$A17,'日次ログ'!$A$5:$A$1504,">="&D$6,'日次ログ'!$A$5:$A$1504,"<"&(D$6+7))) | E17: =IF(OR($A17="",E$6>TODAY()),"",SUMIFS('日次ログ'!$D$5:$D$1504,'日次ログ'!$B$5:$B$1504,$A17,'日次ログ'!$A$5:$A$1504,">="&E$6,'日次ログ'!$A$5:$A$1504,"<"&(E$6+7))) | F17: =IF(OR($A17="",F$6>TODAY()),"",SUMIFS('日次ログ'!$D$5:$D$1504,'日次ログ'!$B$5:$B$1504,$A17,'日次ログ'!$A$5:$A$1504,">="&F$6,'日次ログ'!$A$5:$A$1504,"<"&(F$6+7))) | G17: =IF(OR($A17="",G$6>TODAY()),"",SUMIFS('日次ログ'!$D$5:$D$1504,'日次ログ'!$B$5:$B$1504,$A17,'日次ログ'!$A$5:$A$1504,">="&G$6,'日次ログ'!$A$5:$A$1504,"<"&(G$6+7))) | H17: =IF(OR($A17="",H$6>TODAY()),"",SUMIFS('日次ログ'!$D$5:$D$1504,'日次ログ'!$B$5:$B$1504,$A17,'日次ログ'!$A$5:$A$1504,">="&H$6,'日次ログ'!$A$5:$A$1504,"<"&(H$6+7))) | I17: =IF(OR($A17="",I$6>TODAY()),"",SUMIFS('日次ログ'!$D$5:$D$1504,'日次ログ'!$B$5:$B$1504,$A17,'日次ログ'!$A$5:$A$1504,">="&I$6,'日次ログ'!$A$5:$A$1504,"<"&(I$6+7))) | ... N17: =IF(OR($A17="",N$6>TODAY()),"",SUMIFS('日次ログ'!$D$5:$D$1504,'日次ログ'!$B$5:$B$1504,$A17,'日次ログ'!$A$5:$A$1504,">="&N$6,'日次ログ'!$A$5:$A$1504,"<"&(N$6+7))) | O17: =IF($A17="","",SUM(B17:N17))
A18: ='📊ダッシュボード'!A19&"" | B18: =IF(OR($A18="",B$6>TODAY()),"",SUMIFS('日次ログ'!$D$5:$D$1504,'日次ログ'!$B$5:$B$1504,$A18,'日次ログ'!$A$5:$A$1504,">="&B$6,'日次ログ'!$A$5:$A$1504,"<"&(B$6+7))) | C18: =IF(OR($A18="",C$6>TODAY()),"",SUMIFS('日次ログ'!$D$5:$D$1504,'日次ログ'!$B$5:$B$1504,$A18,'日次ログ'!$A$5:$A$1504,">="&C$6,'日次ログ'!$A$5:$A$1504,"<"&(C$6+7))) | D18: =IF(OR($A18="",D$6>TODAY()),"",SUMIFS('日次ログ'!$D$5:$D$1504,'日次ログ'!$B$5:$B$1504,$A18,'日次ログ'!$A$5:$A$1504,">="&D$6,'日次ログ'!$A$5:$A$1504,"<"&(D$6+7))) | E18: =IF(OR($A18="",E$6>TODAY()),"",SUMIFS('日次ログ'!$D$5:$D$1504,'日次ログ'!$B$5:$B$1504,$A18,'日次ログ'!$A$5:$A$1504,">="&E$6,'日次ログ'!$A$5:$A$1504,"<"&(E$6+7))) | F18: =IF(OR($A18="",F$6>TODAY()),"",SUMIFS('日次ログ'!$D$5:$D$1504,'日次ログ'!$B$5:$B$1504,$A18,'日次ログ'!$A$5:$A$1504,">="&F$6,'日次ログ'!$A$5:$A$1504,"<"&(F$6+7))) | G18: =IF(OR($A18="",G$6>TODAY()),"",SUMIFS('日次ログ'!$D$5:$D$1504,'日次ログ'!$B$5:$B$1504,$A18,'日次ログ'!$A$5:$A$1504,">="&G$6,'日次ログ'!$A$5:$A$1504,"<"&(G$6+7))) | H18: =IF(OR($A18="",H$6>TODAY()),"",SUMIFS('日次ログ'!$D$5:$D$1504,'日次ログ'!$B$5:$B$1504,$A18,'日次ログ'!$A$5:$A$1504,">="&H$6,'日次ログ'!$A$5:$A$1504,"<"&(H$6+7))) | I18: =IF(OR($A18="",I$6>TODAY()),"",SUMIFS('日次ログ'!$D$5:$D$1504,'日次ログ'!$B$5:$B$1504,$A18,'日次ログ'!$A$5:$A$1504,">="&I$6,'日次ログ'!$A$5:$A$1504,"<"&(I$6+7))) | ... N18: =IF(OR($A18="",N$6>TODAY()),"",SUMIFS('日次ログ'!$D$5:$D$1504,'日次ログ'!$B$5:$B$1504,$A18,'日次ログ'!$A$5:$A$1504,">="&N$6,'日次ログ'!$A$5:$A$1504,"<"&(N$6+7))) | O18: =IF($A18="","",SUM(B18:N18))
... A26: ='📊ダッシュボード'!A27&"" | B26: =IF(OR($A26="",B$6>TODAY()),"",SUMIFS('日次ログ'!$D$5:$D$1504,'日次ログ'!$B$5:$B$1504,$A26,'日次ログ'!$A$5:$A$1504,">="&B$6,'日次ログ'!$A$5:$A$1504,"<"&(B$6+7))) | C26: =IF(OR($A26="",C$6>TODAY()),"",SUMIFS('日次ログ'!$D$5:$D$1504,'日次ログ'!$B$5:$B$1504,$A26,'日次ログ'!$A$5:$A$1504,">="&C$6,'日次ログ'!$A$5:$A$1504,"<"&(C$6+7))) | D26: =IF(OR($A26="",D$6>TODAY()),"",SUMIFS('日次ログ'!$D$5:$D$1504,'日次ログ'!$B$5:$B$1504,$A26,'日次ログ'!$A$5:$A$1504,">="&D$6,'日次ログ'!$A$5:$A$1504,"<"&(D$6+7))) | E26: =IF(OR($A26="",E$6>TODAY()),"",SUMIFS('日次ログ'!$D$5:$D$1504,'日次ログ'!$B$5:$B$1504,$A26,'日次ログ'!$A$5:$A$1504,">="&E$6,'日次ログ'!$A$5:$A$1504,"<"&(E$6+7))) | F26: =IF(OR($A26="",F$6>TODAY()),"",SUMIFS('日次ログ'!$D$5:$D$1504,'日次ログ'!$B$5:$B$1504,$A26,'日次ログ'!$A$5:$A$1504,">="&F$6,'日次ログ'!$A$5:$A$1504,"<"&(F$6+7))) | G26: =IF(OR($A26="",G$6>TODAY()),"",SUMIFS('日次ログ'!$D$5:$D$1504,'日次ログ'!$B$5:$B$1504,$A26,'日次ログ'!$A$5:$A$1504,">="&G$6,'日次ログ'!$A$5:$A$1504,"<"&(G$6+7))) | H26: =IF(OR($A26="",H$6>TODAY()),"",SUMIFS('日次ログ'!$D$5:$D$1504,'日次ログ'!$B$5:$B$1504,$A26,'日次ログ'!$A$5:$A$1504,">="&H$6,'日次ログ'!$A$5:$A$1504,"<"&(H$6+7))) | I26: =IF(OR($A26="",I$6>TODAY()),"",SUMIFS('日次ログ'!$D$5:$D$1504,'日次ログ'!$B$5:$B$1504,$A26,'日次ログ'!$A$5:$A$1504,">="&I$6,'日次ログ'!$A$5:$A$1504,"<"&(I$6+7))) | ... N26: =IF(OR($A26="",N$6>TODAY()),"",SUMIFS('日次ログ'!$D$5:$D$1504,'日次ログ'!$B$5:$B$1504,$A26,'日次ログ'!$A$5:$A$1504,">="&N$6,'日次ログ'!$A$5:$A$1504,"<"&(N$6+7))) | O26: =IF($A26="","",SUM(B26:N26))
A27: リージョン合計 | B27: =IF(B$6>TODAY(),"",SUM(B7:B26)) | C27: =IF(C$6>TODAY(),"",SUM(C7:C26)) | D27: =IF(D$6>TODAY(),"",SUM(D7:D26)) | E27: =IF(E$6>TODAY(),"",SUM(E7:E26)) | F27: =IF(F$6>TODAY(),"",SUM(F7:F26)) | G27: =IF(G$6>TODAY(),"",SUM(G7:G26)) | H27: =IF(H$6>TODAY(),"",SUM(H7:H26)) | I27: =IF(I$6>TODAY(),"",SUM(I7:I26)) | ... N27: =IF(N$6>TODAY(),"",SUM(N7:N26)) | O27: =SUM(O7:O26)
A30: ■ 面談実施（日次ログ）
A31: 週 | B31: 第1週 | C31: 第2週 | D31: 第3週 | E31: 第4週 | F31: 第5週 | G31: 第6週 | H31: 第7週 | I31: 第8週 | J31: 第9週 | K31: 第10週 | L31: 第11週 | M31: 第12週 | N31: 第13週
A32: ローンチ（LD名） | B32: ='設定'!$B$12+7*0 | C32: ='設定'!$B$12+7*1 | D32: ='設定'!$B$12+7*2 | E32: ='設定'!$B$12+7*3 | F32: ='設定'!$B$12+7*4 | G32: ='設定'!$B$12+7*5 | H32: ='設定'!$B$12+7*6 | I32: ='設定'!$B$12+7*7 | J32: ='設定'!$B$12+7*8 | K32: ='設定'!$B$12+7*9 | L32: ='設定'!$B$12+7*10 | M32: ='設定'!$B$12+7*11 | N32: ='設定'!$B$12+7*12 | O32: 累計
A33: ='📊ダッシュボード'!A8&"" | B33: =IF(OR($A33="",B$32>TODAY()),"",SUMIFS('日次ログ'!$F$5:$F$1504,'日次ログ'!$B$5:$B$1504,$A33,'日次ログ'!$A$5:$A$1504,">="&B$32,'日次ログ'!$A$5:$A$1504,"<"&(B$32+7))) | C33: =IF(OR($A33="",C$32>TODAY()),"",SUMIFS('日次ログ'!$F$5:$F$1504,'日次ログ'!$B$5:$B$1504,$A33,'日次ログ'!$A$5:$A$1504,">="&C$32,'日次ログ'!$A$5:$A$1504,"<"&(C$32+7))) | D33: =IF(OR($A33="",D$32>TODAY()),"",SUMIFS('日次ログ'!$F$5:$F$1504,'日次ログ'!$B$5:$B$1504,$A33,'日次ログ'!$A$5:$A$1504,">="&D$32,'日次ログ'!$A$5:$A$1504,"<"&(D$32+7))) | E33: =IF(OR($A33="",E$32>TODAY()),"",SUMIFS('日次ログ'!$F$5:$F$1504,'日次ログ'!$B$5:$B$1504,$A33,'日次ログ'!$A$5:$A$1504,">="&E$32,'日次ログ'!$A$5:$A$1504,"<"&(E$32+7))) | F33: =IF(OR($A33="",F$32>TODAY()),"",SUMIFS('日次ログ'!$F$5:$F$1504,'日次ログ'!$B$5:$B$1504,$A33,'日次ログ'!$A$5:$A$1504,">="&F$32,'日次ログ'!$A$5:$A$1504,"<"&(F$32+7))) | G33: =IF(OR($A33="",G$32>TODAY()),"",SUMIFS('日次ログ'!$F$5:$F$1504,'日次ログ'!$B$5:$B$1504,$A33,'日次ログ'!$A$5:$A$1504,">="&G$32,'日次ログ'!$A$5:$A$1504,"<"&(G$32+7))) | H33: =IF(OR($A33="",H$32>TODAY()),"",SUMIFS('日次ログ'!$F$5:$F$1504,'日次ログ'!$B$5:$B$1504,$A33,'日次ログ'!$A$5:$A$1504,">="&H$32,'日次ログ'!$A$5:$A$1504,"<"&(H$32+7))) | I33: =IF(OR($A33="",I$32>TODAY()),"",SUMIFS('日次ログ'!$F$5:$F$1504,'日次ログ'!$B$5:$B$1504,$A33,'日次ログ'!$A$5:$A$1504,">="&I$32,'日次ログ'!$A$5:$A$1504,"<"&(I$32+7))) | ... N33: =IF(OR($A33="",N$32>TODAY()),"",SUMIFS('日次ログ'!$F$5:$F$1504,'日次ログ'!$B$5:$B$1504,$A33,'日次ログ'!$A$5:$A$1504,">="&N$32,'日次ログ'!$A$5:$A$1504,"<"&(N$32+7))) | O33: =IF($A33="","",SUM(B33:N33))
A34: ='📊ダッシュボード'!A9&"" | B34: =IF(OR($A34="",B$32>TODAY()),"",SUMIFS('日次ログ'!$F$5:$F$1504,'日次ログ'!$B$5:$B$1504,$A34,'日次ログ'!$A$5:$A$1504,">="&B$32,'日次ログ'!$A$5:$A$1504,"<"&(B$32+7))) | C34: =IF(OR($A34="",C$32>TODAY()),"",SUMIFS('日次ログ'!$F$5:$F$1504,'日次ログ'!$B$5:$B$1504,$A34,'日次ログ'!$A$5:$A$1504,">="&C$32,'日次ログ'!$A$5:$A$1504,"<"&(C$32+7))) | D34: =IF(OR($A34="",D$32>TODAY()),"",SUMIFS('日次ログ'!$F$5:$F$1504,'日次ログ'!$B$5:$B$1504,$A34,'日次ログ'!$A$5:$A$1504,">="&D$32,'日次ログ'!$A$5:$A$1504,"<"&(D$32+7))) | E34: =IF(OR($A34="",E$32>TODAY()),"",SUMIFS('日次ログ'!$F$5:$F$1504,'日次ログ'!$B$5:$B$1504,$A34,'日次ログ'!$A$5:$A$1504,">="&E$32,'日次ログ'!$A$5:$A$1504,"<"&(E$32+7))) | F34: =IF(OR($A34="",F$32>TODAY()),"",SUMIFS('日次ログ'!$F$5:$F$1504,'日次ログ'!$B$5:$B$1504,$A34,'日次ログ'!$A$5:$A$1504,">="&F$32,'日次ログ'!$A$5:$A$1504,"<"&(F$32+7))) | G34: =IF(OR($A34="",G$32>TODAY()),"",SUMIFS('日次ログ'!$F$5:$F$1504,'日次ログ'!$B$5:$B$1504,$A34,'日次ログ'!$A$5:$A$1504,">="&G$32,'日次ログ'!$A$5:$A$1504,"<"&(G$32+7))) | H34: =IF(OR($A34="",H$32>TODAY()),"",SUMIFS('日次ログ'!$F$5:$F$1504,'日次ログ'!$B$5:$B$1504,$A34,'日次ログ'!$A$5:$A$1504,">="&H$32,'日次ログ'!$A$5:$A$1504,"<"&(H$32+7))) | I34: =IF(OR($A34="",I$32>TODAY()),"",SUMIFS('日次ログ'!$F$5:$F$1504,'日次ログ'!$B$5:$B$1504,$A34,'日次ログ'!$A$5:$A$1504,">="&I$32,'日次ログ'!$A$5:$A$1504,"<"&(I$32+7))) | ... N34: =IF(OR($A34="",N$32>TODAY()),"",SUMIFS('日次ログ'!$F$5:$F$1504,'日次ログ'!$B$5:$B$1504,$A34,'日次ログ'!$A$5:$A$1504,">="&N$32,'日次ログ'!$A$5:$A$1504,"<"&(N$32+7))) | O34: =IF($A34="","",SUM(B34:N34))
A35: ='📊ダッシュボード'!A10&"" | B35: =IF(OR($A35="",B$32>TODAY()),"",SUMIFS('日次ログ'!$F$5:$F$1504,'日次ログ'!$B$5:$B$1504,$A35,'日次ログ'!$A$5:$A$1504,">="&B$32,'日次ログ'!$A$5:$A$1504,"<"&(B$32+7))) | C35: =IF(OR($A35="",C$32>TODAY()),"",SUMIFS('日次ログ'!$F$5:$F$1504,'日次ログ'!$B$5:$B$1504,$A35,'日次ログ'!$A$5:$A$1504,">="&C$32,'日次ログ'!$A$5:$A$1504,"<"&(C$32+7))) | D35: =IF(OR($A35="",D$32>TODAY()),"",SUMIFS('日次ログ'!$F$5:$F$1504,'日次ログ'!$B$5:$B$1504,$A35,'日次ログ'!$A$5:$A$1504,">="&D$32,'日次ログ'!$A$5:$A$1504,"<"&(D$32+7))) | E35: =IF(OR($A35="",E$32>TODAY()),"",SUMIFS('日次ログ'!$F$5:$F$1504,'日次ログ'!$B$5:$B$1504,$A35,'日次ログ'!$A$5:$A$1504,">="&E$32,'日次ログ'!$A$5:$A$1504,"<"&(E$32+7))) | F35: =IF(OR($A35="",F$32>TODAY()),"",SUMIFS('日次ログ'!$F$5:$F$1504,'日次ログ'!$B$5:$B$1504,$A35,'日次ログ'!$A$5:$A$1504,">="&F$32,'日次ログ'!$A$5:$A$1504,"<"&(F$32+7))) | G35: =IF(OR($A35="",G$32>TODAY()),"",SUMIFS('日次ログ'!$F$5:$F$1504,'日次ログ'!$B$5:$B$1504,$A35,'日次ログ'!$A$5:$A$1504,">="&G$32,'日次ログ'!$A$5:$A$1504,"<"&(G$32+7))) | H35: =IF(OR($A35="",H$32>TODAY()),"",SUMIFS('日次ログ'!$F$5:$F$1504,'日次ログ'!$B$5:$B$1504,$A35,'日次ログ'!$A$5:$A$1504,">="&H$32,'日次ログ'!$A$5:$A$1504,"<"&(H$32+7))) | I35: =IF(OR($A35="",I$32>TODAY()),"",SUMIFS('日次ログ'!$F$5:$F$1504,'日次ログ'!$B$5:$B$1504,$A35,'日次ログ'!$A$5:$A$1504,">="&I$32,'日次ログ'!$A$5:$A$1504,"<"&(I$32+7))) | ... N35: =IF(OR($A35="",N$32>TODAY()),"",SUMIFS('日次ログ'!$F$5:$F$1504,'日次ログ'!$B$5:$B$1504,$A35,'日次ログ'!$A$5:$A$1504,">="&N$32,'日次ログ'!$A$5:$A$1504,"<"&(N$32+7))) | O35: =IF($A35="","",SUM(B35:N35))
A36: ='📊ダッシュボード'!A11&"" | B36: =IF(OR($A36="",B$32>TODAY()),"",SUMIFS('日次ログ'!$F$5:$F$1504,'日次ログ'!$B$5:$B$1504,$A36,'日次ログ'!$A$5:$A$1504,">="&B$32,'日次ログ'!$A$5:$A$1504,"<"&(B$32+7))) | C36: =IF(OR($A36="",C$32>TODAY()),"",SUMIFS('日次ログ'!$F$5:$F$1504,'日次ログ'!$B$5:$B$1504,$A36,'日次ログ'!$A$5:$A$1504,">="&C$32,'日次ログ'!$A$5:$A$1504,"<"&(C$32+7))) | D36: =IF(OR($A36="",D$32>TODAY()),"",SUMIFS('日次ログ'!$F$5:$F$1504,'日次ログ'!$B$5:$B$1504,$A36,'日次ログ'!$A$5:$A$1504,">="&D$32,'日次ログ'!$A$5:$A$1504,"<"&(D$32+7))) | E36: =IF(OR($A36="",E$32>TODAY()),"",SUMIFS('日次ログ'!$F$5:$F$1504,'日次ログ'!$B$5:$B$1504,$A36,'日次ログ'!$A$5:$A$1504,">="&E$32,'日次ログ'!$A$5:$A$1504,"<"&(E$32+7))) | F36: =IF(OR($A36="",F$32>TODAY()),"",SUMIFS('日次ログ'!$F$5:$F$1504,'日次ログ'!$B$5:$B$1504,$A36,'日次ログ'!$A$5:$A$1504,">="&F$32,'日次ログ'!$A$5:$A$1504,"<"&(F$32+7))) | G36: =IF(OR($A36="",G$32>TODAY()),"",SUMIFS('日次ログ'!$F$5:$F$1504,'日次ログ'!$B$5:$B$1504,$A36,'日次ログ'!$A$5:$A$1504,">="&G$32,'日次ログ'!$A$5:$A$1504,"<"&(G$32+7))) | H36: =IF(OR($A36="",H$32>TODAY()),"",SUMIFS('日次ログ'!$F$5:$F$1504,'日次ログ'!$B$5:$B$1504,$A36,'日次ログ'!$A$5:$A$1504,">="&H$32,'日次ログ'!$A$5:$A$1504,"<"&(H$32+7))) | I36: =IF(OR($A36="",I$32>TODAY()),"",SUMIFS('日次ログ'!$F$5:$F$1504,'日次ログ'!$B$5:$B$1504,$A36,'日次ログ'!$A$5:$A$1504,">="&I$32,'日次ログ'!$A$5:$A$1504,"<"&(I$32+7))) | ... N36: =IF(OR($A36="",N$32>TODAY()),"",SUMIFS('日次ログ'!$F$5:$F$1504,'日次ログ'!$B$5:$B$1504,$A36,'日次ログ'!$A$5:$A$1504,">="&N$32,'日次ログ'!$A$5:$A$1504,"<"&(N$32+7))) | O36: =IF($A36="","",SUM(B36:N36))
A37: ='📊ダッシュボード'!A12&"" | B37: =IF(OR($A37="",B$32>TODAY()),"",SUMIFS('日次ログ'!$F$5:$F$1504,'日次ログ'!$B$5:$B$1504,$A37,'日次ログ'!$A$5:$A$1504,">="&B$32,'日次ログ'!$A$5:$A$1504,"<"&(B$32+7))) | C37: =IF(OR($A37="",C$32>TODAY()),"",SUMIFS('日次ログ'!$F$5:$F$1504,'日次ログ'!$B$5:$B$1504,$A37,'日次ログ'!$A$5:$A$1504,">="&C$32,'日次ログ'!$A$5:$A$1504,"<"&(C$32+7))) | D37: =IF(OR($A37="",D$32>TODAY()),"",SUMIFS('日次ログ'!$F$5:$F$1504,'日次ログ'!$B$5:$B$1504,$A37,'日次ログ'!$A$5:$A$1504,">="&D$32,'日次ログ'!$A$5:$A$1504,"<"&(D$32+7))) | E37: =IF(OR($A37="",E$32>TODAY()),"",SUMIFS('日次ログ'!$F$5:$F$1504,'日次ログ'!$B$5:$B$1504,$A37,'日次ログ'!$A$5:$A$1504,">="&E$32,'日次ログ'!$A$5:$A$1504,"<"&(E$32+7))) | F37: =IF(OR($A37="",F$32>TODAY()),"",SUMIFS('日次ログ'!$F$5:$F$1504,'日次ログ'!$B$5:$B$1504,$A37,'日次ログ'!$A$5:$A$1504,">="&F$32,'日次ログ'!$A$5:$A$1504,"<"&(F$32+7))) | G37: =IF(OR($A37="",G$32>TODAY()),"",SUMIFS('日次ログ'!$F$5:$F$1504,'日次ログ'!$B$5:$B$1504,$A37,'日次ログ'!$A$5:$A$1504,">="&G$32,'日次ログ'!$A$5:$A$1504,"<"&(G$32+7))) | H37: =IF(OR($A37="",H$32>TODAY()),"",SUMIFS('日次ログ'!$F$5:$F$1504,'日次ログ'!$B$5:$B$1504,$A37,'日次ログ'!$A$5:$A$1504,">="&H$32,'日次ログ'!$A$5:$A$1504,"<"&(H$32+7))) | I37: =IF(OR($A37="",I$32>TODAY()),"",SUMIFS('日次ログ'!$F$5:$F$1504,'日次ログ'!$B$5:$B$1504,$A37,'日次ログ'!$A$5:$A$1504,">="&I$32,'日次ログ'!$A$5:$A$1504,"<"&(I$32+7))) | ... N37: =IF(OR($A37="",N$32>TODAY()),"",SUMIFS('日次ログ'!$F$5:$F$1504,'日次ログ'!$B$5:$B$1504,$A37,'日次ログ'!$A$5:$A$1504,">="&N$32,'日次ログ'!$A$5:$A$1504,"<"&(N$32+7))) | O37: =IF($A37="","",SUM(B37:N37))
A38: ='📊ダッシュボード'!A13&"" | B38: =IF(OR($A38="",B$32>TODAY()),"",SUMIFS('日次ログ'!$F$5:$F$1504,'日次ログ'!$B$5:$B$1504,$A38,'日次ログ'!$A$5:$A$1504,">="&B$32,'日次ログ'!$A$5:$A$1504,"<"&(B$32+7))) | C38: =IF(OR($A38="",C$32>TODAY()),"",SUMIFS('日次ログ'!$F$5:$F$1504,'日次ログ'!$B$5:$B$1504,$A38,'日次ログ'!$A$5:$A$1504,">="&C$32,'日次ログ'!$A$5:$A$1504,"<"&(C$32+7))) | D38: =IF(OR($A38="",D$32>TODAY()),"",SUMIFS('日次ログ'!$F$5:$F$1504,'日次ログ'!$B$5:$B$1504,$A38,'日次ログ'!$A$5:$A$1504,">="&D$32,'日次ログ'!$A$5:$A$1504,"<"&(D$32+7))) | E38: =IF(OR($A38="",E$32>TODAY()),"",SUMIFS('日次ログ'!$F$5:$F$1504,'日次ログ'!$B$5:$B$1504,$A38,'日次ログ'!$A$5:$A$1504,">="&E$32,'日次ログ'!$A$5:$A$1504,"<"&(E$32+7))) | F38: =IF(OR($A38="",F$32>TODAY()),"",SUMIFS('日次ログ'!$F$5:$F$1504,'日次ログ'!$B$5:$B$1504,$A38,'日次ログ'!$A$5:$A$1504,">="&F$32,'日次ログ'!$A$5:$A$1504,"<"&(F$32+7))) | G38: =IF(OR($A38="",G$32>TODAY()),"",SUMIFS('日次ログ'!$F$5:$F$1504,'日次ログ'!$B$5:$B$1504,$A38,'日次ログ'!$A$5:$A$1504,">="&G$32,'日次ログ'!$A$5:$A$1504,"<"&(G$32+7))) | H38: =IF(OR($A38="",H$32>TODAY()),"",SUMIFS('日次ログ'!$F$5:$F$1504,'日次ログ'!$B$5:$B$1504,$A38,'日次ログ'!$A$5:$A$1504,">="&H$32,'日次ログ'!$A$5:$A$1504,"<"&(H$32+7))) | I38: =IF(OR($A38="",I$32>TODAY()),"",SUMIFS('日次ログ'!$F$5:$F$1504,'日次ログ'!$B$5:$B$1504,$A38,'日次ログ'!$A$5:$A$1504,">="&I$32,'日次ログ'!$A$5:$A$1504,"<"&(I$32+7))) | ... N38: =IF(OR($A38="",N$32>TODAY()),"",SUMIFS('日次ログ'!$F$5:$F$1504,'日次ログ'!$B$5:$B$1504,$A38,'日次ログ'!$A$5:$A$1504,">="&N$32,'日次ログ'!$A$5:$A$1504,"<"&(N$32+7))) | O38: =IF($A38="","",SUM(B38:N38))
A39: ='📊ダッシュボード'!A14&"" | B39: =IF(OR($A39="",B$32>TODAY()),"",SUMIFS('日次ログ'!$F$5:$F$1504,'日次ログ'!$B$5:$B$1504,$A39,'日次ログ'!$A$5:$A$1504,">="&B$32,'日次ログ'!$A$5:$A$1504,"<"&(B$32+7))) | C39: =IF(OR($A39="",C$32>TODAY()),"",SUMIFS('日次ログ'!$F$5:$F$1504,'日次ログ'!$B$5:$B$1504,$A39,'日次ログ'!$A$5:$A$1504,">="&C$32,'日次ログ'!$A$5:$A$1504,"<"&(C$32+7))) | D39: =IF(OR($A39="",D$32>TODAY()),"",SUMIFS('日次ログ'!$F$5:$F$1504,'日次ログ'!$B$5:$B$1504,$A39,'日次ログ'!$A$5:$A$1504,">="&D$32,'日次ログ'!$A$5:$A$1504,"<"&(D$32+7))) | E39: =IF(OR($A39="",E$32>TODAY()),"",SUMIFS('日次ログ'!$F$5:$F$1504,'日次ログ'!$B$5:$B$1504,$A39,'日次ログ'!$A$5:$A$1504,">="&E$32,'日次ログ'!$A$5:$A$1504,"<"&(E$32+7))) | F39: =IF(OR($A39="",F$32>TODAY()),"",SUMIFS('日次ログ'!$F$5:$F$1504,'日次ログ'!$B$5:$B$1504,$A39,'日次ログ'!$A$5:$A$1504,">="&F$32,'日次ログ'!$A$5:$A$1504,"<"&(F$32+7))) | G39: =IF(OR($A39="",G$32>TODAY()),"",SUMIFS('日次ログ'!$F$5:$F$1504,'日次ログ'!$B$5:$B$1504,$A39,'日次ログ'!$A$5:$A$1504,">="&G$32,'日次ログ'!$A$5:$A$1504,"<"&(G$32+7))) | H39: =IF(OR($A39="",H$32>TODAY()),"",SUMIFS('日次ログ'!$F$5:$F$1504,'日次ログ'!$B$5:$B$1504,$A39,'日次ログ'!$A$5:$A$1504,">="&H$32,'日次ログ'!$A$5:$A$1504,"<"&(H$32+7))) | I39: =IF(OR($A39="",I$32>TODAY()),"",SUMIFS('日次ログ'!$F$5:$F$1504,'日次ログ'!$B$5:$B$1504,$A39,'日次ログ'!$A$5:$A$1504,">="&I$32,'日次ログ'!$A$5:$A$1504,"<"&(I$32+7))) | ... N39: =IF(OR($A39="",N$32>TODAY()),"",SUMIFS('日次ログ'!$F$5:$F$1504,'日次ログ'!$B$5:$B$1504,$A39,'日次ログ'!$A$5:$A$1504,">="&N$32,'日次ログ'!$A$5:$A$1504,"<"&(N$32+7))) | O39: =IF($A39="","",SUM(B39:N39))
A40: ='📊ダッシュボード'!A15&"" | B40: =IF(OR($A40="",B$32>TODAY()),"",SUMIFS('日次ログ'!$F$5:$F$1504,'日次ログ'!$B$5:$B$1504,$A40,'日次ログ'!$A$5:$A$1504,">="&B$32,'日次ログ'!$A$5:$A$1504,"<"&(B$32+7))) | C40: =IF(OR($A40="",C$32>TODAY()),"",SUMIFS('日次ログ'!$F$5:$F$1504,'日次ログ'!$B$5:$B$1504,$A40,'日次ログ'!$A$5:$A$1504,">="&C$32,'日次ログ'!$A$5:$A$1504,"<"&(C$32+7))) | D40: =IF(OR($A40="",D$32>TODAY()),"",SUMIFS('日次ログ'!$F$5:$F$1504,'日次ログ'!$B$5:$B$1504,$A40,'日次ログ'!$A$5:$A$1504,">="&D$32,'日次ログ'!$A$5:$A$1504,"<"&(D$32+7))) | E40: =IF(OR($A40="",E$32>TODAY()),"",SUMIFS('日次ログ'!$F$5:$F$1504,'日次ログ'!$B$5:$B$1504,$A40,'日次ログ'!$A$5:$A$1504,">="&E$32,'日次ログ'!$A$5:$A$1504,"<"&(E$32+7))) | F40: =IF(OR($A40="",F$32>TODAY()),"",SUMIFS('日次ログ'!$F$5:$F$1504,'日次ログ'!$B$5:$B$1504,$A40,'日次ログ'!$A$5:$A$1504,">="&F$32,'日次ログ'!$A$5:$A$1504,"<"&(F$32+7))) | G40: =IF(OR($A40="",G$32>TODAY()),"",SUMIFS('日次ログ'!$F$5:$F$1504,'日次ログ'!$B$5:$B$1504,$A40,'日次ログ'!$A$5:$A$1504,">="&G$32,'日次ログ'!$A$5:$A$1504,"<"&(G$32+7))) | H40: =IF(OR($A40="",H$32>TODAY()),"",SUMIFS('日次ログ'!$F$5:$F$1504,'日次ログ'!$B$5:$B$1504,$A40,'日次ログ'!$A$5:$A$1504,">="&H$32,'日次ログ'!$A$5:$A$1504,"<"&(H$32+7))) | I40: =IF(OR($A40="",I$32>TODAY()),"",SUMIFS('日次ログ'!$F$5:$F$1504,'日次ログ'!$B$5:$B$1504,$A40,'日次ログ'!$A$5:$A$1504,">="&I$32,'日次ログ'!$A$5:$A$1504,"<"&(I$32+7))) | ... N40: =IF(OR($A40="",N$32>TODAY()),"",SUMIFS('日次ログ'!$F$5:$F$1504,'日次ログ'!$B$5:$B$1504,$A40,'日次ログ'!$A$5:$A$1504,">="&N$32,'日次ログ'!$A$5:$A$1504,"<"&(N$32+7))) | O40: =IF($A40="","",SUM(B40:N40))
A41: ='📊ダッシュボード'!A16&"" | B41: =IF(OR($A41="",B$32>TODAY()),"",SUMIFS('日次ログ'!$F$5:$F$1504,'日次ログ'!$B$5:$B$1504,$A41,'日次ログ'!$A$5:$A$1504,">="&B$32,'日次ログ'!$A$5:$A$1504,"<"&(B$32+7))) | C41: =IF(OR($A41="",C$32>TODAY()),"",SUMIFS('日次ログ'!$F$5:$F$1504,'日次ログ'!$B$5:$B$1504,$A41,'日次ログ'!$A$5:$A$1504,">="&C$32,'日次ログ'!$A$5:$A$1504,"<"&(C$32+7))) | D41: =IF(OR($A41="",D$32>TODAY()),"",SUMIFS('日次ログ'!$F$5:$F$1504,'日次ログ'!$B$5:$B$1504,$A41,'日次ログ'!$A$5:$A$1504,">="&D$32,'日次ログ'!$A$5:$A$1504,"<"&(D$32+7))) | E41: =IF(OR($A41="",E$32>TODAY()),"",SUMIFS('日次ログ'!$F$5:$F$1504,'日次ログ'!$B$5:$B$1504,$A41,'日次ログ'!$A$5:$A$1504,">="&E$32,'日次ログ'!$A$5:$A$1504,"<"&(E$32+7))) | F41: =IF(OR($A41="",F$32>TODAY()),"",SUMIFS('日次ログ'!$F$5:$F$1504,'日次ログ'!$B$5:$B$1504,$A41,'日次ログ'!$A$5:$A$1504,">="&F$32,'日次ログ'!$A$5:$A$1504,"<"&(F$32+7))) | G41: =IF(OR($A41="",G$32>TODAY()),"",SUMIFS('日次ログ'!$F$5:$F$1504,'日次ログ'!$B$5:$B$1504,$A41,'日次ログ'!$A$5:$A$1504,">="&G$32,'日次ログ'!$A$5:$A$1504,"<"&(G$32+7))) | H41: =IF(OR($A41="",H$32>TODAY()),"",SUMIFS('日次ログ'!$F$5:$F$1504,'日次ログ'!$B$5:$B$1504,$A41,'日次ログ'!$A$5:$A$1504,">="&H$32,'日次ログ'!$A$5:$A$1504,"<"&(H$32+7))) | I41: =IF(OR($A41="",I$32>TODAY()),"",SUMIFS('日次ログ'!$F$5:$F$1504,'日次ログ'!$B$5:$B$1504,$A41,'日次ログ'!$A$5:$A$1504,">="&I$32,'日次ログ'!$A$5:$A$1504,"<"&(I$32+7))) | ... N41: =IF(OR($A41="",N$32>TODAY()),"",SUMIFS('日次ログ'!$F$5:$F$1504,'日次ログ'!$B$5:$B$1504,$A41,'日次ログ'!$A$5:$A$1504,">="&N$32,'日次ログ'!$A$5:$A$1504,"<"&(N$32+7))) | O41: =IF($A41="","",SUM(B41:N41))
A42: ='📊ダッシュボード'!A17&"" | B42: =IF(OR($A42="",B$32>TODAY()),"",SUMIFS('日次ログ'!$F$5:$F$1504,'日次ログ'!$B$5:$B$1504,$A42,'日次ログ'!$A$5:$A$1504,">="&B$32,'日次ログ'!$A$5:$A$1504,"<"&(B$32+7))) | C42: =IF(OR($A42="",C$32>TODAY()),"",SUMIFS('日次ログ'!$F$5:$F$1504,'日次ログ'!$B$5:$B$1504,$A42,'日次ログ'!$A$5:$A$1504,">="&C$32,'日次ログ'!$A$5:$A$1504,"<"&(C$32+7))) | D42: =IF(OR($A42="",D$32>TODAY()),"",SUMIFS('日次ログ'!$F$5:$F$1504,'日次ログ'!$B$5:$B$1504,$A42,'日次ログ'!$A$5:$A$1504,">="&D$32,'日次ログ'!$A$5:$A$1504,"<"&(D$32+7))) | E42: =IF(OR($A42="",E$32>TODAY()),"",SUMIFS('日次ログ'!$F$5:$F$1504,'日次ログ'!$B$5:$B$1504,$A42,'日次ログ'!$A$5:$A$1504,">="&E$32,'日次ログ'!$A$5:$A$1504,"<"&(E$32+7))) | F42: =IF(OR($A42="",F$32>TODAY()),"",SUMIFS('日次ログ'!$F$5:$F$1504,'日次ログ'!$B$5:$B$1504,$A42,'日次ログ'!$A$5:$A$1504,">="&F$32,'日次ログ'!$A$5:$A$1504,"<"&(F$32+7))) | G42: =IF(OR($A42="",G$32>TODAY()),"",SUMIFS('日次ログ'!$F$5:$F$1504,'日次ログ'!$B$5:$B$1504,$A42,'日次ログ'!$A$5:$A$1504,">="&G$32,'日次ログ'!$A$5:$A$1504,"<"&(G$32+7))) | H42: =IF(OR($A42="",H$32>TODAY()),"",SUMIFS('日次ログ'!$F$5:$F$1504,'日次ログ'!$B$5:$B$1504,$A42,'日次ログ'!$A$5:$A$1504,">="&H$32,'日次ログ'!$A$5:$A$1504,"<"&(H$32+7))) | I42: =IF(OR($A42="",I$32>TODAY()),"",SUMIFS('日次ログ'!$F$5:$F$1504,'日次ログ'!$B$5:$B$1504,$A42,'日次ログ'!$A$5:$A$1504,">="&I$32,'日次ログ'!$A$5:$A$1504,"<"&(I$32+7))) | ... N42: =IF(OR($A42="",N$32>TODAY()),"",SUMIFS('日次ログ'!$F$5:$F$1504,'日次ログ'!$B$5:$B$1504,$A42,'日次ログ'!$A$5:$A$1504,">="&N$32,'日次ログ'!$A$5:$A$1504,"<"&(N$32+7))) | O42: =IF($A42="","",SUM(B42:N42))
A43: ='📊ダッシュボード'!A18&"" | B43: =IF(OR($A43="",B$32>TODAY()),"",SUMIFS('日次ログ'!$F$5:$F$1504,'日次ログ'!$B$5:$B$1504,$A43,'日次ログ'!$A$5:$A$1504,">="&B$32,'日次ログ'!$A$5:$A$1504,"<"&(B$32+7))) | C43: =IF(OR($A43="",C$32>TODAY()),"",SUMIFS('日次ログ'!$F$5:$F$1504,'日次ログ'!$B$5:$B$1504,$A43,'日次ログ'!$A$5:$A$1504,">="&C$32,'日次ログ'!$A$5:$A$1504,"<"&(C$32+7))) | D43: =IF(OR($A43="",D$32>TODAY()),"",SUMIFS('日次ログ'!$F$5:$F$1504,'日次ログ'!$B$5:$B$1504,$A43,'日次ログ'!$A$5:$A$1504,">="&D$32,'日次ログ'!$A$5:$A$1504,"<"&(D$32+7))) | E43: =IF(OR($A43="",E$32>TODAY()),"",SUMIFS('日次ログ'!$F$5:$F$1504,'日次ログ'!$B$5:$B$1504,$A43,'日次ログ'!$A$5:$A$1504,">="&E$32,'日次ログ'!$A$5:$A$1504,"<"&(E$32+7))) | F43: =IF(OR($A43="",F$32>TODAY()),"",SUMIFS('日次ログ'!$F$5:$F$1504,'日次ログ'!$B$5:$B$1504,$A43,'日次ログ'!$A$5:$A$1504,">="&F$32,'日次ログ'!$A$5:$A$1504,"<"&(F$32+7))) | G43: =IF(OR($A43="",G$32>TODAY()),"",SUMIFS('日次ログ'!$F$5:$F$1504,'日次ログ'!$B$5:$B$1504,$A43,'日次ログ'!$A$5:$A$1504,">="&G$32,'日次ログ'!$A$5:$A$1504,"<"&(G$32+7))) | H43: =IF(OR($A43="",H$32>TODAY()),"",SUMIFS('日次ログ'!$F$5:$F$1504,'日次ログ'!$B$5:$B$1504,$A43,'日次ログ'!$A$5:$A$1504,">="&H$32,'日次ログ'!$A$5:$A$1504,"<"&(H$32+7))) | I43: =IF(OR($A43="",I$32>TODAY()),"",SUMIFS('日次ログ'!$F$5:$F$1504,'日次ログ'!$B$5:$B$1504,$A43,'日次ログ'!$A$5:$A$1504,">="&I$32,'日次ログ'!$A$5:$A$1504,"<"&(I$32+7))) | ... N43: =IF(OR($A43="",N$32>TODAY()),"",SUMIFS('日次ログ'!$F$5:$F$1504,'日次ログ'!$B$5:$B$1504,$A43,'日次ログ'!$A$5:$A$1504,">="&N$32,'日次ログ'!$A$5:$A$1504,"<"&(N$32+7))) | O43: =IF($A43="","",SUM(B43:N43))
A44: ='📊ダッシュボード'!A19&"" | B44: =IF(OR($A44="",B$32>TODAY()),"",SUMIFS('日次ログ'!$F$5:$F$1504,'日次ログ'!$B$5:$B$1504,$A44,'日次ログ'!$A$5:$A$1504,">="&B$32,'日次ログ'!$A$5:$A$1504,"<"&(B$32+7))) | C44: =IF(OR($A44="",C$32>TODAY()),"",SUMIFS('日次ログ'!$F$5:$F$1504,'日次ログ'!$B$5:$B$1504,$A44,'日次ログ'!$A$5:$A$1504,">="&C$32,'日次ログ'!$A$5:$A$1504,"<"&(C$32+7))) | D44: =IF(OR($A44="",D$32>TODAY()),"",SUMIFS('日次ログ'!$F$5:$F$1504,'日次ログ'!$B$5:$B$1504,$A44,'日次ログ'!$A$5:$A$1504,">="&D$32,'日次ログ'!$A$5:$A$1504,"<"&(D$32+7))) | E44: =IF(OR($A44="",E$32>TODAY()),"",SUMIFS('日次ログ'!$F$5:$F$1504,'日次ログ'!$B$5:$B$1504,$A44,'日次ログ'!$A$5:$A$1504,">="&E$32,'日次ログ'!$A$5:$A$1504,"<"&(E$32+7))) | F44: =IF(OR($A44="",F$32>TODAY()),"",SUMIFS('日次ログ'!$F$5:$F$1504,'日次ログ'!$B$5:$B$1504,$A44,'日次ログ'!$A$5:$A$1504,">="&F$32,'日次ログ'!$A$5:$A$1504,"<"&(F$32+7))) | G44: =IF(OR($A44="",G$32>TODAY()),"",SUMIFS('日次ログ'!$F$5:$F$1504,'日次ログ'!$B$5:$B$1504,$A44,'日次ログ'!$A$5:$A$1504,">="&G$32,'日次ログ'!$A$5:$A$1504,"<"&(G$32+7))) | H44: =IF(OR($A44="",H$32>TODAY()),"",SUMIFS('日次ログ'!$F$5:$F$1504,'日次ログ'!$B$5:$B$1504,$A44,'日次ログ'!$A$5:$A$1504,">="&H$32,'日次ログ'!$A$5:$A$1504,"<"&(H$32+7))) | I44: =IF(OR($A44="",I$32>TODAY()),"",SUMIFS('日次ログ'!$F$5:$F$1504,'日次ログ'!$B$5:$B$1504,$A44,'日次ログ'!$A$5:$A$1504,">="&I$32,'日次ログ'!$A$5:$A$1504,"<"&(I$32+7))) | ... N44: =IF(OR($A44="",N$32>TODAY()),"",SUMIFS('日次ログ'!$F$5:$F$1504,'日次ログ'!$B$5:$B$1504,$A44,'日次ログ'!$A$5:$A$1504,">="&N$32,'日次ログ'!$A$5:$A$1504,"<"&(N$32+7))) | O44: =IF($A44="","",SUM(B44:N44))
... A52: ='📊ダッシュボード'!A27&"" | B52: =IF(OR($A52="",B$32>TODAY()),"",SUMIFS('日次ログ'!$F$5:$F$1504,'日次ログ'!$B$5:$B$1504,$A52,'日次ログ'!$A$5:$A$1504,">="&B$32,'日次ログ'!$A$5:$A$1504,"<"&(B$32+7))) | C52: =IF(OR($A52="",C$32>TODAY()),"",SUMIFS('日次ログ'!$F$5:$F$1504,'日次ログ'!$B$5:$B$1504,$A52,'日次ログ'!$A$5:$A$1504,">="&C$32,'日次ログ'!$A$5:$A$1504,"<"&(C$32+7))) | D52: =IF(OR($A52="",D$32>TODAY()),"",SUMIFS('日次ログ'!$F$5:$F$1504,'日次ログ'!$B$5:$B$1504,$A52,'日次ログ'!$A$5:$A$1504,">="&D$32,'日次ログ'!$A$5:$A$1504,"<"&(D$32+7))) | E52: =IF(OR($A52="",E$32>TODAY()),"",SUMIFS('日次ログ'!$F$5:$F$1504,'日次ログ'!$B$5:$B$1504,$A52,'日次ログ'!$A$5:$A$1504,">="&E$32,'日次ログ'!$A$5:$A$1504,"<"&(E$32+7))) | F52: =IF(OR($A52="",F$32>TODAY()),"",SUMIFS('日次ログ'!$F$5:$F$1504,'日次ログ'!$B$5:$B$1504,$A52,'日次ログ'!$A$5:$A$1504,">="&F$32,'日次ログ'!$A$5:$A$1504,"<"&(F$32+7))) | G52: =IF(OR($A52="",G$32>TODAY()),"",SUMIFS('日次ログ'!$F$5:$F$1504,'日次ログ'!$B$5:$B$1504,$A52,'日次ログ'!$A$5:$A$1504,">="&G$32,'日次ログ'!$A$5:$A$1504,"<"&(G$32+7))) | H52: =IF(OR($A52="",H$32>TODAY()),"",SUMIFS('日次ログ'!$F$5:$F$1504,'日次ログ'!$B$5:$B$1504,$A52,'日次ログ'!$A$5:$A$1504,">="&H$32,'日次ログ'!$A$5:$A$1504,"<"&(H$32+7))) | I52: =IF(OR($A52="",I$32>TODAY()),"",SUMIFS('日次ログ'!$F$5:$F$1504,'日次ログ'!$B$5:$B$1504,$A52,'日次ログ'!$A$5:$A$1504,">="&I$32,'日次ログ'!$A$5:$A$1504,"<"&(I$32+7))) | ... N52: =IF(OR($A52="",N$32>TODAY()),"",SUMIFS('日次ログ'!$F$5:$F$1504,'日次ログ'!$B$5:$B$1504,$A52,'日次ログ'!$A$5:$A$1504,">="&N$32,'日次ログ'!$A$5:$A$1504,"<"&(N$32+7))) | O52: =IF($A52="","",SUM(B52:N52))
A53: リージョン合計 | B53: =IF(B$32>TODAY(),"",SUM(B33:B52)) | C53: =IF(C$32>TODAY(),"",SUM(C33:C52)) | D53: =IF(D$32>TODAY(),"",SUM(D33:D52)) | E53: =IF(E$32>TODAY(),"",SUM(E33:E52)) | F53: =IF(F$32>TODAY(),"",SUM(F33:F52)) | G53: =IF(G$32>TODAY(),"",SUM(G33:G52)) | H53: =IF(H$32>TODAY(),"",SUM(H33:H52)) | I53: =IF(I$32>TODAY(),"",SUM(I33:I52)) | ... N53: =IF(N$32>TODAY(),"",SUM(N33:N52)) | O53: =SUM(O33:O52)
A56: ■ CCS実施数（CCS追っかけのCCS日）
A57: 週 | B57: 第1週 | C57: 第2週 | D57: 第3週 | E57: 第4週 | F57: 第5週 | G57: 第6週 | H57: 第7週 | I57: 第8週 | J57: 第9週 | K57: 第10週 | L57: 第11週 | M57: 第12週 | N57: 第13週
A58: ローンチ（LD名） | B58: ='設定'!$B$12+7*0 | C58: ='設定'!$B$12+7*1 | D58: ='設定'!$B$12+7*2 | E58: ='設定'!$B$12+7*3 | F58: ='設定'!$B$12+7*4 | G58: ='設定'!$B$12+7*5 | H58: ='設定'!$B$12+7*6 | I58: ='設定'!$B$12+7*7 | J58: ='設定'!$B$12+7*8 | K58: ='設定'!$B$12+7*9 | L58: ='設定'!$B$12+7*10 | M58: ='設定'!$B$12+7*11 | N58: ='設定'!$B$12+7*12 | O58: 累計
A59: ='📊ダッシュボード'!A8&"" | B59: =IF(OR($A59="",B$58>TODAY()),"",COUNTIFS('CCS追っかけ'!$B$5:$B$504,$A59,'CCS追っかけ'!$K$5:$K$504,">="&B$58,'CCS追っかけ'!$K$5:$K$504,"<"&(B$58+7))) | C59: =IF(OR($A59="",C$58>TODAY()),"",COUNTIFS('CCS追っかけ'!$B$5:$B$504,$A59,'CCS追っかけ'!$K$5:$K$504,">="&C$58,'CCS追っかけ'!$K$5:$K$504,"<"&(C$58+7))) | D59: =IF(OR($A59="",D$58>TODAY()),"",COUNTIFS('CCS追っかけ'!$B$5:$B$504,$A59,'CCS追っかけ'!$K$5:$K$504,">="&D$58,'CCS追っかけ'!$K$5:$K$504,"<"&(D$58+7))) | E59: =IF(OR($A59="",E$58>TODAY()),"",COUNTIFS('CCS追っかけ'!$B$5:$B$504,$A59,'CCS追っかけ'!$K$5:$K$504,">="&E$58,'CCS追っかけ'!$K$5:$K$504,"<"&(E$58+7))) | F59: =IF(OR($A59="",F$58>TODAY()),"",COUNTIFS('CCS追っかけ'!$B$5:$B$504,$A59,'CCS追っかけ'!$K$5:$K$504,">="&F$58,'CCS追っかけ'!$K$5:$K$504,"<"&(F$58+7))) | G59: =IF(OR($A59="",G$58>TODAY()),"",COUNTIFS('CCS追っかけ'!$B$5:$B$504,$A59,'CCS追っかけ'!$K$5:$K$504,">="&G$58,'CCS追っかけ'!$K$5:$K$504,"<"&(G$58+7))) | H59: =IF(OR($A59="",H$58>TODAY()),"",COUNTIFS('CCS追っかけ'!$B$5:$B$504,$A59,'CCS追っかけ'!$K$5:$K$504,">="&H$58,'CCS追っかけ'!$K$5:$K$504,"<"&(H$58+7))) | I59: =IF(OR($A59="",I$58>TODAY()),"",COUNTIFS('CCS追っかけ'!$B$5:$B$504,$A59,'CCS追っかけ'!$K$5:$K$504,">="&I$58,'CCS追っかけ'!$K$5:$K$504,"<"&(I$58+7))) | ... N59: =IF(OR($A59="",N$58>TODAY()),"",COUNTIFS('CCS追っかけ'!$B$5:$B$504,$A59,'CCS追っかけ'!$K$5:$K$504,">="&N$58,'CCS追っかけ'!$K$5:$K$504,"<"&(N$58+7))) | O59: =IF($A59="","",SUM(B59:N59))
A60: ='📊ダッシュボード'!A9&"" | B60: =IF(OR($A60="",B$58>TODAY()),"",COUNTIFS('CCS追っかけ'!$B$5:$B$504,$A60,'CCS追っかけ'!$K$5:$K$504,">="&B$58,'CCS追っかけ'!$K$5:$K$504,"<"&(B$58+7))) | C60: =IF(OR($A60="",C$58>TODAY()),"",COUNTIFS('CCS追っかけ'!$B$5:$B$504,$A60,'CCS追っかけ'!$K$5:$K$504,">="&C$58,'CCS追っかけ'!$K$5:$K$504,"<"&(C$58+7))) | D60: =IF(OR($A60="",D$58>TODAY()),"",COUNTIFS('CCS追っかけ'!$B$5:$B$504,$A60,'CCS追っかけ'!$K$5:$K$504,">="&D$58,'CCS追っかけ'!$K$5:$K$504,"<"&(D$58+7))) | E60: =IF(OR($A60="",E$58>TODAY()),"",COUNTIFS('CCS追っかけ'!$B$5:$B$504,$A60,'CCS追っかけ'!$K$5:$K$504,">="&E$58,'CCS追っかけ'!$K$5:$K$504,"<"&(E$58+7))) | F60: =IF(OR($A60="",F$58>TODAY()),"",COUNTIFS('CCS追っかけ'!$B$5:$B$504,$A60,'CCS追っかけ'!$K$5:$K$504,">="&F$58,'CCS追っかけ'!$K$5:$K$504,"<"&(F$58+7))) | G60: =IF(OR($A60="",G$58>TODAY()),"",COUNTIFS('CCS追っかけ'!$B$5:$B$504,$A60,'CCS追っかけ'!$K$5:$K$504,">="&G$58,'CCS追っかけ'!$K$5:$K$504,"<"&(G$58+7))) | H60: =IF(OR($A60="",H$58>TODAY()),"",COUNTIFS('CCS追っかけ'!$B$5:$B$504,$A60,'CCS追っかけ'!$K$5:$K$504,">="&H$58,'CCS追っかけ'!$K$5:$K$504,"<"&(H$58+7))) | I60: =IF(OR($A60="",I$58>TODAY()),"",COUNTIFS('CCS追っかけ'!$B$5:$B$504,$A60,'CCS追っかけ'!$K$5:$K$504,">="&I$58,'CCS追っかけ'!$K$5:$K$504,"<"&(I$58+7))) | ... N60: =IF(OR($A60="",N$58>TODAY()),"",COUNTIFS('CCS追っかけ'!$B$5:$B$504,$A60,'CCS追っかけ'!$K$5:$K$504,">="&N$58,'CCS追っかけ'!$K$5:$K$504,"<"&(N$58+7))) | O60: =IF($A60="","",SUM(B60:N60))
A61: ='📊ダッシュボード'!A10&"" | B61: =IF(OR($A61="",B$58>TODAY()),"",COUNTIFS('CCS追っかけ'!$B$5:$B$504,$A61,'CCS追っかけ'!$K$5:$K$504,">="&B$58,'CCS追っかけ'!$K$5:$K$504,"<"&(B$58+7))) | C61: =IF(OR($A61="",C$58>TODAY()),"",COUNTIFS('CCS追っかけ'!$B$5:$B$504,$A61,'CCS追っかけ'!$K$5:$K$504,">="&C$58,'CCS追っかけ'!$K$5:$K$504,"<"&(C$58+7))) | D61: =IF(OR($A61="",D$58>TODAY()),"",COUNTIFS('CCS追っかけ'!$B$5:$B$504,$A61,'CCS追っかけ'!$K$5:$K$504,">="&D$58,'CCS追っかけ'!$K$5:$K$504,"<"&(D$58+7))) | E61: =IF(OR($A61="",E$58>TODAY()),"",COUNTIFS('CCS追っかけ'!$B$5:$B$504,$A61,'CCS追っかけ'!$K$5:$K$504,">="&E$58,'CCS追っかけ'!$K$5:$K$504,"<"&(E$58+7))) | F61: =IF(OR($A61="",F$58>TODAY()),"",COUNTIFS('CCS追っかけ'!$B$5:$B$504,$A61,'CCS追っかけ'!$K$5:$K$504,">="&F$58,'CCS追っかけ'!$K$5:$K$504,"<"&(F$58+7))) | G61: =IF(OR($A61="",G$58>TODAY()),"",COUNTIFS('CCS追っかけ'!$B$5:$B$504,$A61,'CCS追っかけ'!$K$5:$K$504,">="&G$58,'CCS追っかけ'!$K$5:$K$504,"<"&(G$58+7))) | H61: =IF(OR($A61="",H$58>TODAY()),"",COUNTIFS('CCS追っかけ'!$B$5:$B$504,$A61,'CCS追っかけ'!$K$5:$K$504,">="&H$58,'CCS追っかけ'!$K$5:$K$504,"<"&(H$58+7))) | I61: =IF(OR($A61="",I$58>TODAY()),"",COUNTIFS('CCS追っかけ'!$B$5:$B$504,$A61,'CCS追っかけ'!$K$5:$K$504,">="&I$58,'CCS追っかけ'!$K$5:$K$504,"<"&(I$58+7))) | ... N61: =IF(OR($A61="",N$58>TODAY()),"",COUNTIFS('CCS追っかけ'!$B$5:$B$504,$A61,'CCS追っかけ'!$K$5:$K$504,">="&N$58,'CCS追っかけ'!$K$5:$K$504,"<"&(N$58+7))) | O61: =IF($A61="","",SUM(B61:N61))
A62: ='📊ダッシュボード'!A11&"" | B62: =IF(OR($A62="",B$58>TODAY()),"",COUNTIFS('CCS追っかけ'!$B$5:$B$504,$A62,'CCS追っかけ'!$K$5:$K$504,">="&B$58,'CCS追っかけ'!$K$5:$K$504,"<"&(B$58+7))) | C62: =IF(OR($A62="",C$58>TODAY()),"",COUNTIFS('CCS追っかけ'!$B$5:$B$504,$A62,'CCS追っかけ'!$K$5:$K$504,">="&C$58,'CCS追っかけ'!$K$5:$K$504,"<"&(C$58+7))) | D62: =IF(OR($A62="",D$58>TODAY()),"",COUNTIFS('CCS追っかけ'!$B$5:$B$504,$A62,'CCS追っかけ'!$K$5:$K$504,">="&D$58,'CCS追っかけ'!$K$5:$K$504,"<"&(D$58+7))) | E62: =IF(OR($A62="",E$58>TODAY()),"",COUNTIFS('CCS追っかけ'!$B$5:$B$504,$A62,'CCS追っかけ'!$K$5:$K$504,">="&E$58,'CCS追っかけ'!$K$5:$K$504,"<"&(E$58+7))) | F62: =IF(OR($A62="",F$58>TODAY()),"",COUNTIFS('CCS追っかけ'!$B$5:$B$504,$A62,'CCS追っかけ'!$K$5:$K$504,">="&F$58,'CCS追っかけ'!$K$5:$K$504,"<"&(F$58+7))) | G62: =IF(OR($A62="",G$58>TODAY()),"",COUNTIFS('CCS追っかけ'!$B$5:$B$504,$A62,'CCS追っかけ'!$K$5:$K$504,">="&G$58,'CCS追っかけ'!$K$5:$K$504,"<"&(G$58+7))) | H62: =IF(OR($A62="",H$58>TODAY()),"",COUNTIFS('CCS追っかけ'!$B$5:$B$504,$A62,'CCS追っかけ'!$K$5:$K$504,">="&H$58,'CCS追っかけ'!$K$5:$K$504,"<"&(H$58+7))) | I62: =IF(OR($A62="",I$58>TODAY()),"",COUNTIFS('CCS追っかけ'!$B$5:$B$504,$A62,'CCS追っかけ'!$K$5:$K$504,">="&I$58,'CCS追っかけ'!$K$5:$K$504,"<"&(I$58+7))) | ... N62: =IF(OR($A62="",N$58>TODAY()),"",COUNTIFS('CCS追っかけ'!$B$5:$B$504,$A62,'CCS追っかけ'!$K$5:$K$504,">="&N$58,'CCS追っかけ'!$K$5:$K$504,"<"&(N$58+7))) | O62: =IF($A62="","",SUM(B62:N62))
A63: ='📊ダッシュボード'!A12&"" | B63: =IF(OR($A63="",B$58>TODAY()),"",COUNTIFS('CCS追っかけ'!$B$5:$B$504,$A63,'CCS追っかけ'!$K$5:$K$504,">="&B$58,'CCS追っかけ'!$K$5:$K$504,"<"&(B$58+7))) | C63: =IF(OR($A63="",C$58>TODAY()),"",COUNTIFS('CCS追っかけ'!$B$5:$B$504,$A63,'CCS追っかけ'!$K$5:$K$504,">="&C$58,'CCS追っかけ'!$K$5:$K$504,"<"&(C$58+7))) | D63: =IF(OR($A63="",D$58>TODAY()),"",COUNTIFS('CCS追っかけ'!$B$5:$B$504,$A63,'CCS追っかけ'!$K$5:$K$504,">="&D$58,'CCS追っかけ'!$K$5:$K$504,"<"&(D$58+7))) | E63: =IF(OR($A63="",E$58>TODAY()),"",COUNTIFS('CCS追っかけ'!$B$5:$B$504,$A63,'CCS追っかけ'!$K$5:$K$504,">="&E$58,'CCS追っかけ'!$K$5:$K$504,"<"&(E$58+7))) | F63: =IF(OR($A63="",F$58>TODAY()),"",COUNTIFS('CCS追っかけ'!$B$5:$B$504,$A63,'CCS追っかけ'!$K$5:$K$504,">="&F$58,'CCS追っかけ'!$K$5:$K$504,"<"&(F$58+7))) | G63: =IF(OR($A63="",G$58>TODAY()),"",COUNTIFS('CCS追っかけ'!$B$5:$B$504,$A63,'CCS追っかけ'!$K$5:$K$504,">="&G$58,'CCS追っかけ'!$K$5:$K$504,"<"&(G$58+7))) | H63: =IF(OR($A63="",H$58>TODAY()),"",COUNTIFS('CCS追っかけ'!$B$5:$B$504,$A63,'CCS追っかけ'!$K$5:$K$504,">="&H$58,'CCS追っかけ'!$K$5:$K$504,"<"&(H$58+7))) | I63: =IF(OR($A63="",I$58>TODAY()),"",COUNTIFS('CCS追っかけ'!$B$5:$B$504,$A63,'CCS追っかけ'!$K$5:$K$504,">="&I$58,'CCS追っかけ'!$K$5:$K$504,"<"&(I$58+7))) | ... N63: =IF(OR($A63="",N$58>TODAY()),"",COUNTIFS('CCS追っかけ'!$B$5:$B$504,$A63,'CCS追っかけ'!$K$5:$K$504,">="&N$58,'CCS追っかけ'!$K$5:$K$504,"<"&(N$58+7))) | O63: =IF($A63="","",SUM(B63:N63))
A64: ='📊ダッシュボード'!A13&"" | B64: =IF(OR($A64="",B$58>TODAY()),"",COUNTIFS('CCS追っかけ'!$B$5:$B$504,$A64,'CCS追っかけ'!$K$5:$K$504,">="&B$58,'CCS追っかけ'!$K$5:$K$504,"<"&(B$58+7))) | C64: =IF(OR($A64="",C$58>TODAY()),"",COUNTIFS('CCS追っかけ'!$B$5:$B$504,$A64,'CCS追っかけ'!$K$5:$K$504,">="&C$58,'CCS追っかけ'!$K$5:$K$504,"<"&(C$58+7))) | D64: =IF(OR($A64="",D$58>TODAY()),"",COUNTIFS('CCS追っかけ'!$B$5:$B$504,$A64,'CCS追っかけ'!$K$5:$K$504,">="&D$58,'CCS追っかけ'!$K$5:$K$504,"<"&(D$58+7))) | E64: =IF(OR($A64="",E$58>TODAY()),"",COUNTIFS('CCS追っかけ'!$B$5:$B$504,$A64,'CCS追っかけ'!$K$5:$K$504,">="&E$58,'CCS追っかけ'!$K$5:$K$504,"<"&(E$58+7))) | F64: =IF(OR($A64="",F$58>TODAY()),"",COUNTIFS('CCS追っかけ'!$B$5:$B$504,$A64,'CCS追っかけ'!$K$5:$K$504,">="&F$58,'CCS追っかけ'!$K$5:$K$504,"<"&(F$58+7))) | G64: =IF(OR($A64="",G$58>TODAY()),"",COUNTIFS('CCS追っかけ'!$B$5:$B$504,$A64,'CCS追っかけ'!$K$5:$K$504,">="&G$58,'CCS追っかけ'!$K$5:$K$504,"<"&(G$58+7))) | H64: =IF(OR($A64="",H$58>TODAY()),"",COUNTIFS('CCS追っかけ'!$B$5:$B$504,$A64,'CCS追っかけ'!$K$5:$K$504,">="&H$58,'CCS追っかけ'!$K$5:$K$504,"<"&(H$58+7))) | I64: =IF(OR($A64="",I$58>TODAY()),"",COUNTIFS('CCS追っかけ'!$B$5:$B$504,$A64,'CCS追っかけ'!$K$5:$K$504,">="&I$58,'CCS追っかけ'!$K$5:$K$504,"<"&(I$58+7))) | ... N64: =IF(OR($A64="",N$58>TODAY()),"",COUNTIFS('CCS追っかけ'!$B$5:$B$504,$A64,'CCS追っかけ'!$K$5:$K$504,">="&N$58,'CCS追っかけ'!$K$5:$K$504,"<"&(N$58+7))) | O64: =IF($A64="","",SUM(B64:N64))
A65: ='📊ダッシュボード'!A14&"" | B65: =IF(OR($A65="",B$58>TODAY()),"",COUNTIFS('CCS追っかけ'!$B$5:$B$504,$A65,'CCS追っかけ'!$K$5:$K$504,">="&B$58,'CCS追っかけ'!$K$5:$K$504,"<"&(B$58+7))) | C65: =IF(OR($A65="",C$58>TODAY()),"",COUNTIFS('CCS追っかけ'!$B$5:$B$504,$A65,'CCS追っかけ'!$K$5:$K$504,">="&C$58,'CCS追っかけ'!$K$5:$K$504,"<"&(C$58+7))) | D65: =IF(OR($A65="",D$58>TODAY()),"",COUNTIFS('CCS追っかけ'!$B$5:$B$504,$A65,'CCS追っかけ'!$K$5:$K$504,">="&D$58,'CCS追っかけ'!$K$5:$K$504,"<"&(D$58+7))) | E65: =IF(OR($A65="",E$58>TODAY()),"",COUNTIFS('CCS追っかけ'!$B$5:$B$504,$A65,'CCS追っかけ'!$K$5:$K$504,">="&E$58,'CCS追っかけ'!$K$5:$K$504,"<"&(E$58+7))) | F65: =IF(OR($A65="",F$58>TODAY()),"",COUNTIFS('CCS追っかけ'!$B$5:$B$504,$A65,'CCS追っかけ'!$K$5:$K$504,">="&F$58,'CCS追っかけ'!$K$5:$K$504,"<"&(F$58+7))) | G65: =IF(OR($A65="",G$58>TODAY()),"",COUNTIFS('CCS追っかけ'!$B$5:$B$504,$A65,'CCS追っかけ'!$K$5:$K$504,">="&G$58,'CCS追っかけ'!$K$5:$K$504,"<"&(G$58+7))) | H65: =IF(OR($A65="",H$58>TODAY()),"",COUNTIFS('CCS追っかけ'!$B$5:$B$504,$A65,'CCS追っかけ'!$K$5:$K$504,">="&H$58,'CCS追っかけ'!$K$5:$K$504,"<"&(H$58+7))) | I65: =IF(OR($A65="",I$58>TODAY()),"",COUNTIFS('CCS追っかけ'!$B$5:$B$504,$A65,'CCS追っかけ'!$K$5:$K$504,">="&I$58,'CCS追っかけ'!$K$5:$K$504,"<"&(I$58+7))) | ... N65: =IF(OR($A65="",N$58>TODAY()),"",COUNTIFS('CCS追っかけ'!$B$5:$B$504,$A65,'CCS追っかけ'!$K$5:$K$504,">="&N$58,'CCS追っかけ'!$K$5:$K$504,"<"&(N$58+7))) | O65: =IF($A65="","",SUM(B65:N65))
A66: ='📊ダッシュボード'!A15&"" | B66: =IF(OR($A66="",B$58>TODAY()),"",COUNTIFS('CCS追っかけ'!$B$5:$B$504,$A66,'CCS追っかけ'!$K$5:$K$504,">="&B$58,'CCS追っかけ'!$K$5:$K$504,"<"&(B$58+7))) | C66: =IF(OR($A66="",C$58>TODAY()),"",COUNTIFS('CCS追っかけ'!$B$5:$B$504,$A66,'CCS追っかけ'!$K$5:$K$504,">="&C$58,'CCS追っかけ'!$K$5:$K$504,"<"&(C$58+7))) | D66: =IF(OR($A66="",D$58>TODAY()),"",COUNTIFS('CCS追っかけ'!$B$5:$B$504,$A66,'CCS追っかけ'!$K$5:$K$504,">="&D$58,'CCS追っかけ'!$K$5:$K$504,"<"&(D$58+7))) | E66: =IF(OR($A66="",E$58>TODAY()),"",COUNTIFS('CCS追っかけ'!$B$5:$B$504,$A66,'CCS追っかけ'!$K$5:$K$504,">="&E$58,'CCS追っかけ'!$K$5:$K$504,"<"&(E$58+7))) | F66: =IF(OR($A66="",F$58>TODAY()),"",COUNTIFS('CCS追っかけ'!$B$5:$B$504,$A66,'CCS追っかけ'!$K$5:$K$504,">="&F$58,'CCS追っかけ'!$K$5:$K$504,"<"&(F$58+7))) | G66: =IF(OR($A66="",G$58>TODAY()),"",COUNTIFS('CCS追っかけ'!$B$5:$B$504,$A66,'CCS追っかけ'!$K$5:$K$504,">="&G$58,'CCS追っかけ'!$K$5:$K$504,"<"&(G$58+7))) | H66: =IF(OR($A66="",H$58>TODAY()),"",COUNTIFS('CCS追っかけ'!$B$5:$B$504,$A66,'CCS追っかけ'!$K$5:$K$504,">="&H$58,'CCS追っかけ'!$K$5:$K$504,"<"&(H$58+7))) | I66: =IF(OR($A66="",I$58>TODAY()),"",COUNTIFS('CCS追っかけ'!$B$5:$B$504,$A66,'CCS追っかけ'!$K$5:$K$504,">="&I$58,'CCS追っかけ'!$K$5:$K$504,"<"&(I$58+7))) | ... N66: =IF(OR($A66="",N$58>TODAY()),"",COUNTIFS('CCS追っかけ'!$B$5:$B$504,$A66,'CCS追っかけ'!$K$5:$K$504,">="&N$58,'CCS追っかけ'!$K$5:$K$504,"<"&(N$58+7))) | O66: =IF($A66="","",SUM(B66:N66))
A67: ='📊ダッシュボード'!A16&"" | B67: =IF(OR($A67="",B$58>TODAY()),"",COUNTIFS('CCS追っかけ'!$B$5:$B$504,$A67,'CCS追っかけ'!$K$5:$K$504,">="&B$58,'CCS追っかけ'!$K$5:$K$504,"<"&(B$58+7))) | C67: =IF(OR($A67="",C$58>TODAY()),"",COUNTIFS('CCS追っかけ'!$B$5:$B$504,$A67,'CCS追っかけ'!$K$5:$K$504,">="&C$58,'CCS追っかけ'!$K$5:$K$504,"<"&(C$58+7))) | D67: =IF(OR($A67="",D$58>TODAY()),"",COUNTIFS('CCS追っかけ'!$B$5:$B$504,$A67,'CCS追っかけ'!$K$5:$K$504,">="&D$58,'CCS追っかけ'!$K$5:$K$504,"<"&(D$58+7))) | E67: =IF(OR($A67="",E$58>TODAY()),"",COUNTIFS('CCS追っかけ'!$B$5:$B$504,$A67,'CCS追っかけ'!$K$5:$K$504,">="&E$58,'CCS追っかけ'!$K$5:$K$504,"<"&(E$58+7))) | F67: =IF(OR($A67="",F$58>TODAY()),"",COUNTIFS('CCS追っかけ'!$B$5:$B$504,$A67,'CCS追っかけ'!$K$5:$K$504,">="&F$58,'CCS追っかけ'!$K$5:$K$504,"<"&(F$58+7))) | G67: =IF(OR($A67="",G$58>TODAY()),"",COUNTIFS('CCS追っかけ'!$B$5:$B$504,$A67,'CCS追っかけ'!$K$5:$K$504,">="&G$58,'CCS追っかけ'!$K$5:$K$504,"<"&(G$58+7))) | H67: =IF(OR($A67="",H$58>TODAY()),"",COUNTIFS('CCS追っかけ'!$B$5:$B$504,$A67,'CCS追っかけ'!$K$5:$K$504,">="&H$58,'CCS追っかけ'!$K$5:$K$504,"<"&(H$58+7))) | I67: =IF(OR($A67="",I$58>TODAY()),"",COUNTIFS('CCS追っかけ'!$B$5:$B$504,$A67,'CCS追っかけ'!$K$5:$K$504,">="&I$58,'CCS追っかけ'!$K$5:$K$504,"<"&(I$58+7))) | ... N67: =IF(OR($A67="",N$58>TODAY()),"",COUNTIFS('CCS追っかけ'!$B$5:$B$504,$A67,'CCS追っかけ'!$K$5:$K$504,">="&N$58,'CCS追っかけ'!$K$5:$K$504,"<"&(N$58+7))) | O67: =IF($A67="","",SUM(B67:N67))
A68: ='📊ダッシュボード'!A17&"" | B68: =IF(OR($A68="",B$58>TODAY()),"",COUNTIFS('CCS追っかけ'!$B$5:$B$504,$A68,'CCS追っかけ'!$K$5:$K$504,">="&B$58,'CCS追っかけ'!$K$5:$K$504,"<"&(B$58+7))) | C68: =IF(OR($A68="",C$58>TODAY()),"",COUNTIFS('CCS追っかけ'!$B$5:$B$504,$A68,'CCS追っかけ'!$K$5:$K$504,">="&C$58,'CCS追っかけ'!$K$5:$K$504,"<"&(C$58+7))) | D68: =IF(OR($A68="",D$58>TODAY()),"",COUNTIFS('CCS追っかけ'!$B$5:$B$504,$A68,'CCS追っかけ'!$K$5:$K$504,">="&D$58,'CCS追っかけ'!$K$5:$K$504,"<"&(D$58+7))) | E68: =IF(OR($A68="",E$58>TODAY()),"",COUNTIFS('CCS追っかけ'!$B$5:$B$504,$A68,'CCS追っかけ'!$K$5:$K$504,">="&E$58,'CCS追っかけ'!$K$5:$K$504,"<"&(E$58+7))) | F68: =IF(OR($A68="",F$58>TODAY()),"",COUNTIFS('CCS追っかけ'!$B$5:$B$504,$A68,'CCS追っかけ'!$K$5:$K$504,">="&F$58,'CCS追っかけ'!$K$5:$K$504,"<"&(F$58+7))) | G68: =IF(OR($A68="",G$58>TODAY()),"",COUNTIFS('CCS追っかけ'!$B$5:$B$504,$A68,'CCS追っかけ'!$K$5:$K$504,">="&G$58,'CCS追っかけ'!$K$5:$K$504,"<"&(G$58+7))) | H68: =IF(OR($A68="",H$58>TODAY()),"",COUNTIFS('CCS追っかけ'!$B$5:$B$504,$A68,'CCS追っかけ'!$K$5:$K$504,">="&H$58,'CCS追っかけ'!$K$5:$K$504,"<"&(H$58+7))) | I68: =IF(OR($A68="",I$58>TODAY()),"",COUNTIFS('CCS追っかけ'!$B$5:$B$504,$A68,'CCS追っかけ'!$K$5:$K$504,">="&I$58,'CCS追っかけ'!$K$5:$K$504,"<"&(I$58+7))) | ... N68: =IF(OR($A68="",N$58>TODAY()),"",COUNTIFS('CCS追っかけ'!$B$5:$B$504,$A68,'CCS追っかけ'!$K$5:$K$504,">="&N$58,'CCS追っかけ'!$K$5:$K$504,"<"&(N$58+7))) | O68: =IF($A68="","",SUM(B68:N68))
A69: ='📊ダッシュボード'!A18&"" | B69: =IF(OR($A69="",B$58>TODAY()),"",COUNTIFS('CCS追っかけ'!$B$5:$B$504,$A69,'CCS追っかけ'!$K$5:$K$504,">="&B$58,'CCS追っかけ'!$K$5:$K$504,"<"&(B$58+7))) | C69: =IF(OR($A69="",C$58>TODAY()),"",COUNTIFS('CCS追っかけ'!$B$5:$B$504,$A69,'CCS追っかけ'!$K$5:$K$504,">="&C$58,'CCS追っかけ'!$K$5:$K$504,"<"&(C$58+7))) | D69: =IF(OR($A69="",D$58>TODAY()),"",COUNTIFS('CCS追っかけ'!$B$5:$B$504,$A69,'CCS追っかけ'!$K$5:$K$504,">="&D$58,'CCS追っかけ'!$K$5:$K$504,"<"&(D$58+7))) | E69: =IF(OR($A69="",E$58>TODAY()),"",COUNTIFS('CCS追っかけ'!$B$5:$B$504,$A69,'CCS追っかけ'!$K$5:$K$504,">="&E$58,'CCS追っかけ'!$K$5:$K$504,"<"&(E$58+7))) | F69: =IF(OR($A69="",F$58>TODAY()),"",COUNTIFS('CCS追っかけ'!$B$5:$B$504,$A69,'CCS追っかけ'!$K$5:$K$504,">="&F$58,'CCS追っかけ'!$K$5:$K$504,"<"&(F$58+7))) | G69: =IF(OR($A69="",G$58>TODAY()),"",COUNTIFS('CCS追っかけ'!$B$5:$B$504,$A69,'CCS追っかけ'!$K$5:$K$504,">="&G$58,'CCS追っかけ'!$K$5:$K$504,"<"&(G$58+7))) | H69: =IF(OR($A69="",H$58>TODAY()),"",COUNTIFS('CCS追っかけ'!$B$5:$B$504,$A69,'CCS追っかけ'!$K$5:$K$504,">="&H$58,'CCS追っかけ'!$K$5:$K$504,"<"&(H$58+7))) | I69: =IF(OR($A69="",I$58>TODAY()),"",COUNTIFS('CCS追っかけ'!$B$5:$B$504,$A69,'CCS追っかけ'!$K$5:$K$504,">="&I$58,'CCS追っかけ'!$K$5:$K$504,"<"&(I$58+7))) | ... N69: =IF(OR($A69="",N$58>TODAY()),"",COUNTIFS('CCS追っかけ'!$B$5:$B$504,$A69,'CCS追っかけ'!$K$5:$K$504,">="&N$58,'CCS追っかけ'!$K$5:$K$504,"<"&(N$58+7))) | O69: =IF($A69="","",SUM(B69:N69))
A70: ='📊ダッシュボード'!A19&"" | B70: =IF(OR($A70="",B$58>TODAY()),"",COUNTIFS('CCS追っかけ'!$B$5:$B$504,$A70,'CCS追っかけ'!$K$5:$K$504,">="&B$58,'CCS追っかけ'!$K$5:$K$504,"<"&(B$58+7))) | C70: =IF(OR($A70="",C$58>TODAY()),"",COUNTIFS('CCS追っかけ'!$B$5:$B$504,$A70,'CCS追っかけ'!$K$5:$K$504,">="&C$58,'CCS追っかけ'!$K$5:$K$504,"<"&(C$58+7))) | D70: =IF(OR($A70="",D$58>TODAY()),"",COUNTIFS('CCS追っかけ'!$B$5:$B$504,$A70,'CCS追っかけ'!$K$5:$K$504,">="&D$58,'CCS追っかけ'!$K$5:$K$504,"<"&(D$58+7))) | E70: =IF(OR($A70="",E$58>TODAY()),"",COUNTIFS('CCS追っかけ'!$B$5:$B$504,$A70,'CCS追っかけ'!$K$5:$K$504,">="&E$58,'CCS追っかけ'!$K$5:$K$504,"<"&(E$58+7))) | F70: =IF(OR($A70="",F$58>TODAY()),"",COUNTIFS('CCS追っかけ'!$B$5:$B$504,$A70,'CCS追っかけ'!$K$5:$K$504,">="&F$58,'CCS追っかけ'!$K$5:$K$504,"<"&(F$58+7))) | G70: =IF(OR($A70="",G$58>TODAY()),"",COUNTIFS('CCS追っかけ'!$B$5:$B$504,$A70,'CCS追っかけ'!$K$5:$K$504,">="&G$58,'CCS追っかけ'!$K$5:$K$504,"<"&(G$58+7))) | H70: =IF(OR($A70="",H$58>TODAY()),"",COUNTIFS('CCS追っかけ'!$B$5:$B$504,$A70,'CCS追っかけ'!$K$5:$K$504,">="&H$58,'CCS追っかけ'!$K$5:$K$504,"<"&(H$58+7))) | I70: =IF(OR($A70="",I$58>TODAY()),"",COUNTIFS('CCS追っかけ'!$B$5:$B$504,$A70,'CCS追っかけ'!$K$5:$K$504,">="&I$58,'CCS追っかけ'!$K$5:$K$504,"<"&(I$58+7))) | ... N70: =IF(OR($A70="",N$58>TODAY()),"",COUNTIFS('CCS追っかけ'!$B$5:$B$504,$A70,'CCS追っかけ'!$K$5:$K$504,">="&N$58,'CCS追っかけ'!$K$5:$K$504,"<"&(N$58+7))) | O70: =IF($A70="","",SUM(B70:N70))
... A78: ='📊ダッシュボード'!A27&"" | B78: =IF(OR($A78="",B$58>TODAY()),"",COUNTIFS('CCS追っかけ'!$B$5:$B$504,$A78,'CCS追っかけ'!$K$5:$K$504,">="&B$58,'CCS追っかけ'!$K$5:$K$504,"<"&(B$58+7))) | C78: =IF(OR($A78="",C$58>TODAY()),"",COUNTIFS('CCS追っかけ'!$B$5:$B$504,$A78,'CCS追っかけ'!$K$5:$K$504,">="&C$58,'CCS追っかけ'!$K$5:$K$504,"<"&(C$58+7))) | D78: =IF(OR($A78="",D$58>TODAY()),"",COUNTIFS('CCS追っかけ'!$B$5:$B$504,$A78,'CCS追っかけ'!$K$5:$K$504,">="&D$58,'CCS追っかけ'!$K$5:$K$504,"<"&(D$58+7))) | E78: =IF(OR($A78="",E$58>TODAY()),"",COUNTIFS('CCS追っかけ'!$B$5:$B$504,$A78,'CCS追っかけ'!$K$5:$K$504,">="&E$58,'CCS追っかけ'!$K$5:$K$504,"<"&(E$58+7))) | F78: =IF(OR($A78="",F$58>TODAY()),"",COUNTIFS('CCS追っかけ'!$B$5:$B$504,$A78,'CCS追っかけ'!$K$5:$K$504,">="&F$58,'CCS追っかけ'!$K$5:$K$504,"<"&(F$58+7))) | G78: =IF(OR($A78="",G$58>TODAY()),"",COUNTIFS('CCS追っかけ'!$B$5:$B$504,$A78,'CCS追っかけ'!$K$5:$K$504,">="&G$58,'CCS追っかけ'!$K$5:$K$504,"<"&(G$58+7))) | H78: =IF(OR($A78="",H$58>TODAY()),"",COUNTIFS('CCS追っかけ'!$B$5:$B$504,$A78,'CCS追っかけ'!$K$5:$K$504,">="&H$58,'CCS追っかけ'!$K$5:$K$504,"<"&(H$58+7))) | I78: =IF(OR($A78="",I$58>TODAY()),"",COUNTIFS('CCS追っかけ'!$B$5:$B$504,$A78,'CCS追っかけ'!$K$5:$K$504,">="&I$58,'CCS追っかけ'!$K$5:$K$504,"<"&(I$58+7))) | ... N78: =IF(OR($A78="",N$58>TODAY()),"",COUNTIFS('CCS追っかけ'!$B$5:$B$504,$A78,'CCS追っかけ'!$K$5:$K$504,">="&N$58,'CCS追っかけ'!$K$5:$K$504,"<"&(N$58+7))) | O78: =IF($A78="","",SUM(B78:N78))
A79: リージョン合計 | B79: =IF(B$58>TODAY(),"",SUM(B59:B78)) | C79: =IF(C$58>TODAY(),"",SUM(C59:C78)) | D79: =IF(D$58>TODAY(),"",SUM(D59:D78)) | E79: =IF(E$58>TODAY(),"",SUM(E59:E78)) | F79: =IF(F$58>TODAY(),"",SUM(F59:F78)) | G79: =IF(G$58>TODAY(),"",SUM(G59:G78)) | H79: =IF(H$58>TODAY(),"",SUM(H59:H78)) | I79: =IF(I$58>TODAY(),"",SUM(I59:I78)) | ... N79: =IF(N$58>TODAY(),"",SUM(N59:N78)) | O79: =SUM(O59:O78)
A82: ■ 正式化人数（CCS追っかけの正式化日）
A83: 週 | B83: 第1週 | C83: 第2週 | D83: 第3週 | E83: 第4週 | F83: 第5週 | G83: 第6週 | H83: 第7週 | I83: 第8週 | J83: 第9週 | K83: 第10週 | L83: 第11週 | M83: 第12週 | N83: 第13週
A84: ローンチ（LD名） | B84: ='設定'!$B$12+7*0 | C84: ='設定'!$B$12+7*1 | D84: ='設定'!$B$12+7*2 | E84: ='設定'!$B$12+7*3 | F84: ='設定'!$B$12+7*4 | G84: ='設定'!$B$12+7*5 | H84: ='設定'!$B$12+7*6 | I84: ='設定'!$B$12+7*7 | J84: ='設定'!$B$12+7*8 | K84: ='設定'!$B$12+7*9 | L84: ='設定'!$B$12+7*10 | M84: ='設定'!$B$12+7*11 | N84: ='設定'!$B$12+7*12 | O84: 累計
A85: ='📊ダッシュボード'!A8&"" | B85: =IF(OR($A85="",B$84>TODAY()),"",COUNTIFS('CCS追っかけ'!$B$5:$B$504,$A85,'CCS追っかけ'!$P$5:$P$504,"✅正式",'CCS追っかけ'!$Q$5:$Q$504,">="&B$84,'CCS追っかけ'!$Q$5:$Q$504,"<"&(B$84+7))) | C85: =IF(OR($A85="",C$84>TODAY()),"",COUNTIFS('CCS追っかけ'!$B$5:$B$504,$A85,'CCS追っかけ'!$P$5:$P$504,"✅正式",'CCS追っかけ'!$Q$5:$Q$504,">="&C$84,'CCS追っかけ'!$Q$5:$Q$504,"<"&(C$84+7))) | D85: =IF(OR($A85="",D$84>TODAY()),"",COUNTIFS('CCS追っかけ'!$B$5:$B$504,$A85,'CCS追っかけ'!$P$5:$P$504,"✅正式",'CCS追っかけ'!$Q$5:$Q$504,">="&D$84,'CCS追っかけ'!$Q$5:$Q$504,"<"&(D$84+7))) | E85: =IF(OR($A85="",E$84>TODAY()),"",COUNTIFS('CCS追っかけ'!$B$5:$B$504,$A85,'CCS追っかけ'!$P$5:$P$504,"✅正式",'CCS追っかけ'!$Q$5:$Q$504,">="&E$84,'CCS追っかけ'!$Q$5:$Q$504,"<"&(E$84+7))) | F85: =IF(OR($A85="",F$84>TODAY()),"",COUNTIFS('CCS追っかけ'!$B$5:$B$504,$A85,'CCS追っかけ'!$P$5:$P$504,"✅正式",'CCS追っかけ'!$Q$5:$Q$504,">="&F$84,'CCS追っかけ'!$Q$5:$Q$504,"<"&(F$84+7))) | G85: =IF(OR($A85="",G$84>TODAY()),"",COUNTIFS('CCS追っかけ'!$B$5:$B$504,$A85,'CCS追っかけ'!$P$5:$P$504,"✅正式",'CCS追っかけ'!$Q$5:$Q$504,">="&G$84,'CCS追っかけ'!$Q$5:$Q$504,"<"&(G$84+7))) | H85: =IF(OR($A85="",H$84>TODAY()),"",COUNTIFS('CCS追っかけ'!$B$5:$B$504,$A85,'CCS追っかけ'!$P$5:$P$504,"✅正式",'CCS追っかけ'!$Q$5:$Q$504,">="&H$84,'CCS追っかけ'!$Q$5:$Q$504,"<"&(H$84+7))) | I85: =IF(OR($A85="",I$84>TODAY()),"",COUNTIFS('CCS追っかけ'!$B$5:$B$504,$A85,'CCS追っかけ'!$P$5:$P$504,"✅正式",'CCS追っかけ'!$Q$5:$Q$504,">="&I$84,'CCS追っかけ'!$Q$5:$Q$504,"<"&(I$84+7))) | ... N85: =IF(OR($A85="",N$84>TODAY()),"",COUNTIFS('CCS追っかけ'!$B$5:$B$504,$A85,'CCS追っかけ'!$P$5:$P$504,"✅正式",'CCS追っかけ'!$Q$5:$Q$504,">="&N$84,'CCS追っかけ'!$Q$5:$Q$504,"<"&(N$84+7))) | O85: =IF($A85="","",SUM(B85:N85))
A86: ='📊ダッシュボード'!A9&"" | B86: =IF(OR($A86="",B$84>TODAY()),"",COUNTIFS('CCS追っかけ'!$B$5:$B$504,$A86,'CCS追っかけ'!$P$5:$P$504,"✅正式",'CCS追っかけ'!$Q$5:$Q$504,">="&B$84,'CCS追っかけ'!$Q$5:$Q$504,"<"&(B$84+7))) | C86: =IF(OR($A86="",C$84>TODAY()),"",COUNTIFS('CCS追っかけ'!$B$5:$B$504,$A86,'CCS追っかけ'!$P$5:$P$504,"✅正式",'CCS追っかけ'!$Q$5:$Q$504,">="&C$84,'CCS追っかけ'!$Q$5:$Q$504,"<"&(C$84+7))) | D86: =IF(OR($A86="",D$84>TODAY()),"",COUNTIFS('CCS追っかけ'!$B$5:$B$504,$A86,'CCS追っかけ'!$P$5:$P$504,"✅正式",'CCS追っかけ'!$Q$5:$Q$504,">="&D$84,'CCS追っかけ'!$Q$5:$Q$504,"<"&(D$84+7))) | E86: =IF(OR($A86="",E$84>TODAY()),"",COUNTIFS('CCS追っかけ'!$B$5:$B$504,$A86,'CCS追っかけ'!$P$5:$P$504,"✅正式",'CCS追っかけ'!$Q$5:$Q$504,">="&E$84,'CCS追っかけ'!$Q$5:$Q$504,"<"&(E$84+7))) | F86: =IF(OR($A86="",F$84>TODAY()),"",COUNTIFS('CCS追っかけ'!$B$5:$B$504,$A86,'CCS追っかけ'!$P$5:$P$504,"✅正式",'CCS追っかけ'!$Q$5:$Q$504,">="&F$84,'CCS追っかけ'!$Q$5:$Q$504,"<"&(F$84+7))) | G86: =IF(OR($A86="",G$84>TODAY()),"",COUNTIFS('CCS追っかけ'!$B$5:$B$504,$A86,'CCS追っかけ'!$P$5:$P$504,"✅正式",'CCS追っかけ'!$Q$5:$Q$504,">="&G$84,'CCS追っかけ'!$Q$5:$Q$504,"<"&(G$84+7))) | H86: =IF(OR($A86="",H$84>TODAY()),"",COUNTIFS('CCS追っかけ'!$B$5:$B$504,$A86,'CCS追っかけ'!$P$5:$P$504,"✅正式",'CCS追っかけ'!$Q$5:$Q$504,">="&H$84,'CCS追っかけ'!$Q$5:$Q$504,"<"&(H$84+7))) | I86: =IF(OR($A86="",I$84>TODAY()),"",COUNTIFS('CCS追っかけ'!$B$5:$B$504,$A86,'CCS追っかけ'!$P$5:$P$504,"✅正式",'CCS追っかけ'!$Q$5:$Q$504,">="&I$84,'CCS追っかけ'!$Q$5:$Q$504,"<"&(I$84+7))) | ... N86: =IF(OR($A86="",N$84>TODAY()),"",COUNTIFS('CCS追っかけ'!$B$5:$B$504,$A86,'CCS追っかけ'!$P$5:$P$504,"✅正式",'CCS追っかけ'!$Q$5:$Q$504,">="&N$84,'CCS追っかけ'!$Q$5:$Q$504,"<"&(N$84+7))) | O86: =IF($A86="","",SUM(B86:N86))
A87: ='📊ダッシュボード'!A10&"" | B87: =IF(OR($A87="",B$84>TODAY()),"",COUNTIFS('CCS追っかけ'!$B$5:$B$504,$A87,'CCS追っかけ'!$P$5:$P$504,"✅正式",'CCS追っかけ'!$Q$5:$Q$504,">="&B$84,'CCS追っかけ'!$Q$5:$Q$504,"<"&(B$84+7))) | C87: =IF(OR($A87="",C$84>TODAY()),"",COUNTIFS('CCS追っかけ'!$B$5:$B$504,$A87,'CCS追っかけ'!$P$5:$P$504,"✅正式",'CCS追っかけ'!$Q$5:$Q$504,">="&C$84,'CCS追っかけ'!$Q$5:$Q$504,"<"&(C$84+7))) | D87: =IF(OR($A87="",D$84>TODAY()),"",COUNTIFS('CCS追っかけ'!$B$5:$B$504,$A87,'CCS追っかけ'!$P$5:$P$504,"✅正式",'CCS追っかけ'!$Q$5:$Q$504,">="&D$84,'CCS追っかけ'!$Q$5:$Q$504,"<"&(D$84+7))) | E87: =IF(OR($A87="",E$84>TODAY()),"",COUNTIFS('CCS追っかけ'!$B$5:$B$504,$A87,'CCS追っかけ'!$P$5:$P$504,"✅正式",'CCS追っかけ'!$Q$5:$Q$504,">="&E$84,'CCS追っかけ'!$Q$5:$Q$504,"<"&(E$84+7))) | F87: =IF(OR($A87="",F$84>TODAY()),"",COUNTIFS('CCS追っかけ'!$B$5:$B$504,$A87,'CCS追っかけ'!$P$5:$P$504,"✅正式",'CCS追っかけ'!$Q$5:$Q$504,">="&F$84,'CCS追っかけ'!$Q$5:$Q$504,"<"&(F$84+7))) | G87: =IF(OR($A87="",G$84>TODAY()),"",COUNTIFS('CCS追っかけ'!$B$5:$B$504,$A87,'CCS追っかけ'!$P$5:$P$504,"✅正式",'CCS追っかけ'!$Q$5:$Q$504,">="&G$84,'CCS追っかけ'!$Q$5:$Q$504,"<"&(G$84+7))) | H87: =IF(OR($A87="",H$84>TODAY()),"",COUNTIFS('CCS追っかけ'!$B$5:$B$504,$A87,'CCS追っかけ'!$P$5:$P$504,"✅正式",'CCS追っかけ'!$Q$5:$Q$504,">="&H$84,'CCS追っかけ'!$Q$5:$Q$504,"<"&(H$84+7))) | I87: =IF(OR($A87="",I$84>TODAY()),"",COUNTIFS('CCS追っかけ'!$B$5:$B$504,$A87,'CCS追っかけ'!$P$5:$P$504,"✅正式",'CCS追っかけ'!$Q$5:$Q$504,">="&I$84,'CCS追っかけ'!$Q$5:$Q$504,"<"&(I$84+7))) | ... N87: =IF(OR($A87="",N$84>TODAY()),"",COUNTIFS('CCS追っかけ'!$B$5:$B$504,$A87,'CCS追っかけ'!$P$5:$P$504,"✅正式",'CCS追っかけ'!$Q$5:$Q$504,">="&N$84,'CCS追っかけ'!$Q$5:$Q$504,"<"&(N$84+7))) | O87: =IF($A87="","",SUM(B87:N87))
A88: ='📊ダッシュボード'!A11&"" | B88: =IF(OR($A88="",B$84>TODAY()),"",COUNTIFS('CCS追っかけ'!$B$5:$B$504,$A88,'CCS追っかけ'!$P$5:$P$504,"✅正式",'CCS追っかけ'!$Q$5:$Q$504,">="&B$84,'CCS追っかけ'!$Q$5:$Q$504,"<"&(B$84+7))) | C88: =IF(OR($A88="",C$84>TODAY()),"",COUNTIFS('CCS追っかけ'!$B$5:$B$504,$A88,'CCS追っかけ'!$P$5:$P$504,"✅正式",'CCS追っかけ'!$Q$5:$Q$504,">="&C$84,'CCS追っかけ'!$Q$5:$Q$504,"<"&(C$84+7))) | D88: =IF(OR($A88="",D$84>TODAY()),"",COUNTIFS('CCS追っかけ'!$B$5:$B$504,$A88,'CCS追っかけ'!$P$5:$P$504,"✅正式",'CCS追っかけ'!$Q$5:$Q$504,">="&D$84,'CCS追っかけ'!$Q$5:$Q$504,"<"&(D$84+7))) | E88: =IF(OR($A88="",E$84>TODAY()),"",COUNTIFS('CCS追っかけ'!$B$5:$B$504,$A88,'CCS追っかけ'!$P$5:$P$504,"✅正式",'CCS追っかけ'!$Q$5:$Q$504,">="&E$84,'CCS追っかけ'!$Q$5:$Q$504,"<"&(E$84+7))) | F88: =IF(OR($A88="",F$84>TODAY()),"",COUNTIFS('CCS追っかけ'!$B$5:$B$504,$A88,'CCS追っかけ'!$P$5:$P$504,"✅正式",'CCS追っかけ'!$Q$5:$Q$504,">="&F$84,'CCS追っかけ'!$Q$5:$Q$504,"<"&(F$84+7))) | G88: =IF(OR($A88="",G$84>TODAY()),"",COUNTIFS('CCS追っかけ'!$B$5:$B$504,$A88,'CCS追っかけ'!$P$5:$P$504,"✅正式",'CCS追っかけ'!$Q$5:$Q$504,">="&G$84,'CCS追っかけ'!$Q$5:$Q$504,"<"&(G$84+7))) | H88: =IF(OR($A88="",H$84>TODAY()),"",COUNTIFS('CCS追っかけ'!$B$5:$B$504,$A88,'CCS追っかけ'!$P$5:$P$504,"✅正式",'CCS追っかけ'!$Q$5:$Q$504,">="&H$84,'CCS追っかけ'!$Q$5:$Q$504,"<"&(H$84+7))) | I88: =IF(OR($A88="",I$84>TODAY()),"",COUNTIFS('CCS追っかけ'!$B$5:$B$504,$A88,'CCS追っかけ'!$P$5:$P$504,"✅正式",'CCS追っかけ'!$Q$5:$Q$504,">="&I$84,'CCS追っかけ'!$Q$5:$Q$504,"<"&(I$84+7))) | ... N88: =IF(OR($A88="",N$84>TODAY()),"",COUNTIFS('CCS追っかけ'!$B$5:$B$504,$A88,'CCS追っかけ'!$P$5:$P$504,"✅正式",'CCS追っかけ'!$Q$5:$Q$504,">="&N$84,'CCS追っかけ'!$Q$5:$Q$504,"<"&(N$84+7))) | O88: =IF($A88="","",SUM(B88:N88))
A89: ='📊ダッシュボード'!A12&"" | B89: =IF(OR($A89="",B$84>TODAY()),"",COUNTIFS('CCS追っかけ'!$B$5:$B$504,$A89,'CCS追っかけ'!$P$5:$P$504,"✅正式",'CCS追っかけ'!$Q$5:$Q$504,">="&B$84,'CCS追っかけ'!$Q$5:$Q$504,"<"&(B$84+7))) | C89: =IF(OR($A89="",C$84>TODAY()),"",COUNTIFS('CCS追っかけ'!$B$5:$B$504,$A89,'CCS追っかけ'!$P$5:$P$504,"✅正式",'CCS追っかけ'!$Q$5:$Q$504,">="&C$84,'CCS追っかけ'!$Q$5:$Q$504,"<"&(C$84+7))) | D89: =IF(OR($A89="",D$84>TODAY()),"",COUNTIFS('CCS追っかけ'!$B$5:$B$504,$A89,'CCS追っかけ'!$P$5:$P$504,"✅正式",'CCS追っかけ'!$Q$5:$Q$504,">="&D$84,'CCS追っかけ'!$Q$5:$Q$504,"<"&(D$84+7))) | E89: =IF(OR($A89="",E$84>TODAY()),"",COUNTIFS('CCS追っかけ'!$B$5:$B$504,$A89,'CCS追っかけ'!$P$5:$P$504,"✅正式",'CCS追っかけ'!$Q$5:$Q$504,">="&E$84,'CCS追っかけ'!$Q$5:$Q$504,"<"&(E$84+7))) | F89: =IF(OR($A89="",F$84>TODAY()),"",COUNTIFS('CCS追っかけ'!$B$5:$B$504,$A89,'CCS追っかけ'!$P$5:$P$504,"✅正式",'CCS追っかけ'!$Q$5:$Q$504,">="&F$84,'CCS追っかけ'!$Q$5:$Q$504,"<"&(F$84+7))) | G89: =IF(OR($A89="",G$84>TODAY()),"",COUNTIFS('CCS追っかけ'!$B$5:$B$504,$A89,'CCS追っかけ'!$P$5:$P$504,"✅正式",'CCS追っかけ'!$Q$5:$Q$504,">="&G$84,'CCS追っかけ'!$Q$5:$Q$504,"<"&(G$84+7))) | H89: =IF(OR($A89="",H$84>TODAY()),"",COUNTIFS('CCS追っかけ'!$B$5:$B$504,$A89,'CCS追っかけ'!$P$5:$P$504,"✅正式",'CCS追っかけ'!$Q$5:$Q$504,">="&H$84,'CCS追っかけ'!$Q$5:$Q$504,"<"&(H$84+7))) | I89: =IF(OR($A89="",I$84>TODAY()),"",COUNTIFS('CCS追っかけ'!$B$5:$B$504,$A89,'CCS追っかけ'!$P$5:$P$504,"✅正式",'CCS追っかけ'!$Q$5:$Q$504,">="&I$84,'CCS追っかけ'!$Q$5:$Q$504,"<"&(I$84+7))) | ... N89: =IF(OR($A89="",N$84>TODAY()),"",COUNTIFS('CCS追っかけ'!$B$5:$B$504,$A89,'CCS追っかけ'!$P$5:$P$504,"✅正式",'CCS追っかけ'!$Q$5:$Q$504,">="&N$84,'CCS追っかけ'!$Q$5:$Q$504,"<"&(N$84+7))) | O89: =IF($A89="","",SUM(B89:N89))
A90: ='📊ダッシュボード'!A13&"" | B90: =IF(OR($A90="",B$84>TODAY()),"",COUNTIFS('CCS追っかけ'!$B$5:$B$504,$A90,'CCS追っかけ'!$P$5:$P$504,"✅正式",'CCS追っかけ'!$Q$5:$Q$504,">="&B$84,'CCS追っかけ'!$Q$5:$Q$504,"<"&(B$84+7))) | C90: =IF(OR($A90="",C$84>TODAY()),"",COUNTIFS('CCS追っかけ'!$B$5:$B$504,$A90,'CCS追っかけ'!$P$5:$P$504,"✅正式",'CCS追っかけ'!$Q$5:$Q$504,">="&C$84,'CCS追っかけ'!$Q$5:$Q$504,"<"&(C$84+7))) | D90: =IF(OR($A90="",D$84>TODAY()),"",COUNTIFS('CCS追っかけ'!$B$5:$B$504,$A90,'CCS追っかけ'!$P$5:$P$504,"✅正式",'CCS追っかけ'!$Q$5:$Q$504,">="&D$84,'CCS追っかけ'!$Q$5:$Q$504,"<"&(D$84+7))) | E90: =IF(OR($A90="",E$84>TODAY()),"",COUNTIFS('CCS追っかけ'!$B$5:$B$504,$A90,'CCS追っかけ'!$P$5:$P$504,"✅正式",'CCS追っかけ'!$Q$5:$Q$504,">="&E$84,'CCS追っかけ'!$Q$5:$Q$504,"<"&(E$84+7))) | F90: =IF(OR($A90="",F$84>TODAY()),"",COUNTIFS('CCS追っかけ'!$B$5:$B$504,$A90,'CCS追っかけ'!$P$5:$P$504,"✅正式",'CCS追っかけ'!$Q$5:$Q$504,">="&F$84,'CCS追っかけ'!$Q$5:$Q$504,"<"&(F$84+7))) | G90: =IF(OR($A90="",G$84>TODAY()),"",COUNTIFS('CCS追っかけ'!$B$5:$B$504,$A90,'CCS追っかけ'!$P$5:$P$504,"✅正式",'CCS追っかけ'!$Q$5:$Q$504,">="&G$84,'CCS追っかけ'!$Q$5:$Q$504,"<"&(G$84+7))) | H90: =IF(OR($A90="",H$84>TODAY()),"",COUNTIFS('CCS追っかけ'!$B$5:$B$504,$A90,'CCS追っかけ'!$P$5:$P$504,"✅正式",'CCS追っかけ'!$Q$5:$Q$504,">="&H$84,'CCS追っかけ'!$Q$5:$Q$504,"<"&(H$84+7))) | I90: =IF(OR($A90="",I$84>TODAY()),"",COUNTIFS('CCS追っかけ'!$B$5:$B$504,$A90,'CCS追っかけ'!$P$5:$P$504,"✅正式",'CCS追っかけ'!$Q$5:$Q$504,">="&I$84,'CCS追っかけ'!$Q$5:$Q$504,"<"&(I$84+7))) | ... N90: =IF(OR($A90="",N$84>TODAY()),"",COUNTIFS('CCS追っかけ'!$B$5:$B$504,$A90,'CCS追っかけ'!$P$5:$P$504,"✅正式",'CCS追っかけ'!$Q$5:$Q$504,">="&N$84,'CCS追っかけ'!$Q$5:$Q$504,"<"&(N$84+7))) | O90: =IF($A90="","",SUM(B90:N90))
A91: ='📊ダッシュボード'!A14&"" | B91: =IF(OR($A91="",B$84>TODAY()),"",COUNTIFS('CCS追っかけ'!$B$5:$B$504,$A91,'CCS追っかけ'!$P$5:$P$504,"✅正式",'CCS追っかけ'!$Q$5:$Q$504,">="&B$84,'CCS追っかけ'!$Q$5:$Q$504,"<"&(B$84+7))) | C91: =IF(OR($A91="",C$84>TODAY()),"",COUNTIFS('CCS追っかけ'!$B$5:$B$504,$A91,'CCS追っかけ'!$P$5:$P$504,"✅正式",'CCS追っかけ'!$Q$5:$Q$504,">="&C$84,'CCS追っかけ'!$Q$5:$Q$504,"<"&(C$84+7))) | D91: =IF(OR($A91="",D$84>TODAY()),"",COUNTIFS('CCS追っかけ'!$B$5:$B$504,$A91,'CCS追っかけ'!$P$5:$P$504,"✅正式",'CCS追っかけ'!$Q$5:$Q$504,">="&D$84,'CCS追っかけ'!$Q$5:$Q$504,"<"&(D$84+7))) | E91: =IF(OR($A91="",E$84>TODAY()),"",COUNTIFS('CCS追っかけ'!$B$5:$B$504,$A91,'CCS追っかけ'!$P$5:$P$504,"✅正式",'CCS追っかけ'!$Q$5:$Q$504,">="&E$84,'CCS追っかけ'!$Q$5:$Q$504,"<"&(E$84+7))) | F91: =IF(OR($A91="",F$84>TODAY()),"",COUNTIFS('CCS追っかけ'!$B$5:$B$504,$A91,'CCS追っかけ'!$P$5:$P$504,"✅正式",'CCS追っかけ'!$Q$5:$Q$504,">="&F$84,'CCS追っかけ'!$Q$5:$Q$504,"<"&(F$84+7))) | G91: =IF(OR($A91="",G$84>TODAY()),"",COUNTIFS('CCS追っかけ'!$B$5:$B$504,$A91,'CCS追っかけ'!$P$5:$P$504,"✅正式",'CCS追っかけ'!$Q$5:$Q$504,">="&G$84,'CCS追っかけ'!$Q$5:$Q$504,"<"&(G$84+7))) | H91: =IF(OR($A91="",H$84>TODAY()),"",COUNTIFS('CCS追っかけ'!$B$5:$B$504,$A91,'CCS追っかけ'!$P$5:$P$504,"✅正式",'CCS追っかけ'!$Q$5:$Q$504,">="&H$84,'CCS追っかけ'!$Q$5:$Q$504,"<"&(H$84+7))) | I91: =IF(OR($A91="",I$84>TODAY()),"",COUNTIFS('CCS追っかけ'!$B$5:$B$504,$A91,'CCS追っかけ'!$P$5:$P$504,"✅正式",'CCS追っかけ'!$Q$5:$Q$504,">="&I$84,'CCS追っかけ'!$Q$5:$Q$504,"<"&(I$84+7))) | ... N91: =IF(OR($A91="",N$84>TODAY()),"",COUNTIFS('CCS追っかけ'!$B$5:$B$504,$A91,'CCS追っかけ'!$P$5:$P$504,"✅正式",'CCS追っかけ'!$Q$5:$Q$504,">="&N$84,'CCS追っかけ'!$Q$5:$Q$504,"<"&(N$84+7))) | O91: =IF($A91="","",SUM(B91:N91))
A92: ='📊ダッシュボード'!A15&"" | B92: =IF(OR($A92="",B$84>TODAY()),"",COUNTIFS('CCS追っかけ'!$B$5:$B$504,$A92,'CCS追っかけ'!$P$5:$P$504,"✅正式",'CCS追っかけ'!$Q$5:$Q$504,">="&B$84,'CCS追っかけ'!$Q$5:$Q$504,"<"&(B$84+7))) | C92: =IF(OR($A92="",C$84>TODAY()),"",COUNTIFS('CCS追っかけ'!$B$5:$B$504,$A92,'CCS追っかけ'!$P$5:$P$504,"✅正式",'CCS追っかけ'!$Q$5:$Q$504,">="&C$84,'CCS追っかけ'!$Q$5:$Q$504,"<"&(C$84+7))) | D92: =IF(OR($A92="",D$84>TODAY()),"",COUNTIFS('CCS追っかけ'!$B$5:$B$504,$A92,'CCS追っかけ'!$P$5:$P$504,"✅正式",'CCS追っかけ'!$Q$5:$Q$504,">="&D$84,'CCS追っかけ'!$Q$5:$Q$504,"<"&(D$84+7))) | E92: =IF(OR($A92="",E$84>TODAY()),"",COUNTIFS('CCS追っかけ'!$B$5:$B$504,$A92,'CCS追っかけ'!$P$5:$P$504,"✅正式",'CCS追っかけ'!$Q$5:$Q$504,">="&E$84,'CCS追っかけ'!$Q$5:$Q$504,"<"&(E$84+7))) | F92: =IF(OR($A92="",F$84>TODAY()),"",COUNTIFS('CCS追っかけ'!$B$5:$B$504,$A92,'CCS追っかけ'!$P$5:$P$504,"✅正式",'CCS追っかけ'!$Q$5:$Q$504,">="&F$84,'CCS追っかけ'!$Q$5:$Q$504,"<"&(F$84+7))) | G92: =IF(OR($A92="",G$84>TODAY()),"",COUNTIFS('CCS追っかけ'!$B$5:$B$504,$A92,'CCS追っかけ'!$P$5:$P$504,"✅正式",'CCS追っかけ'!$Q$5:$Q$504,">="&G$84,'CCS追っかけ'!$Q$5:$Q$504,"<"&(G$84+7))) | H92: =IF(OR($A92="",H$84>TODAY()),"",COUNTIFS('CCS追っかけ'!$B$5:$B$504,$A92,'CCS追っかけ'!$P$5:$P$504,"✅正式",'CCS追っかけ'!$Q$5:$Q$504,">="&H$84,'CCS追っかけ'!$Q$5:$Q$504,"<"&(H$84+7))) | I92: =IF(OR($A92="",I$84>TODAY()),"",COUNTIFS('CCS追っかけ'!$B$5:$B$504,$A92,'CCS追っかけ'!$P$5:$P$504,"✅正式",'CCS追っかけ'!$Q$5:$Q$504,">="&I$84,'CCS追っかけ'!$Q$5:$Q$504,"<"&(I$84+7))) | ... N92: =IF(OR($A92="",N$84>TODAY()),"",COUNTIFS('CCS追っかけ'!$B$5:$B$504,$A92,'CCS追っかけ'!$P$5:$P$504,"✅正式",'CCS追っかけ'!$Q$5:$Q$504,">="&N$84,'CCS追っかけ'!$Q$5:$Q$504,"<"&(N$84+7))) | O92: =IF($A92="","",SUM(B92:N92))
A93: ='📊ダッシュボード'!A16&"" | B93: =IF(OR($A93="",B$84>TODAY()),"",COUNTIFS('CCS追っかけ'!$B$5:$B$504,$A93,'CCS追っかけ'!$P$5:$P$504,"✅正式",'CCS追っかけ'!$Q$5:$Q$504,">="&B$84,'CCS追っかけ'!$Q$5:$Q$504,"<"&(B$84+7))) | C93: =IF(OR($A93="",C$84>TODAY()),"",COUNTIFS('CCS追っかけ'!$B$5:$B$504,$A93,'CCS追っかけ'!$P$5:$P$504,"✅正式",'CCS追っかけ'!$Q$5:$Q$504,">="&C$84,'CCS追っかけ'!$Q$5:$Q$504,"<"&(C$84+7))) | D93: =IF(OR($A93="",D$84>TODAY()),"",COUNTIFS('CCS追っかけ'!$B$5:$B$504,$A93,'CCS追っかけ'!$P$5:$P$504,"✅正式",'CCS追っかけ'!$Q$5:$Q$504,">="&D$84,'CCS追っかけ'!$Q$5:$Q$504,"<"&(D$84+7))) | E93: =IF(OR($A93="",E$84>TODAY()),"",COUNTIFS('CCS追っかけ'!$B$5:$B$504,$A93,'CCS追っかけ'!$P$5:$P$504,"✅正式",'CCS追っかけ'!$Q$5:$Q$504,">="&E$84,'CCS追っかけ'!$Q$5:$Q$504,"<"&(E$84+7))) | F93: =IF(OR($A93="",F$84>TODAY()),"",COUNTIFS('CCS追っかけ'!$B$5:$B$504,$A93,'CCS追っかけ'!$P$5:$P$504,"✅正式",'CCS追っかけ'!$Q$5:$Q$504,">="&F$84,'CCS追っかけ'!$Q$5:$Q$504,"<"&(F$84+7))) | G93: =IF(OR($A93="",G$84>TODAY()),"",COUNTIFS('CCS追っかけ'!$B$5:$B$504,$A93,'CCS追っかけ'!$P$5:$P$504,"✅正式",'CCS追っかけ'!$Q$5:$Q$504,">="&G$84,'CCS追っかけ'!$Q$5:$Q$504,"<"&(G$84+7))) | H93: =IF(OR($A93="",H$84>TODAY()),"",COUNTIFS('CCS追っかけ'!$B$5:$B$504,$A93,'CCS追っかけ'!$P$5:$P$504,"✅正式",'CCS追っかけ'!$Q$5:$Q$504,">="&H$84,'CCS追っかけ'!$Q$5:$Q$504,"<"&(H$84+7))) | I93: =IF(OR($A93="",I$84>TODAY()),"",COUNTIFS('CCS追っかけ'!$B$5:$B$504,$A93,'CCS追っかけ'!$P$5:$P$504,"✅正式",'CCS追っかけ'!$Q$5:$Q$504,">="&I$84,'CCS追っかけ'!$Q$5:$Q$504,"<"&(I$84+7))) | ... N93: =IF(OR($A93="",N$84>TODAY()),"",COUNTIFS('CCS追っかけ'!$B$5:$B$504,$A93,'CCS追っかけ'!$P$5:$P$504,"✅正式",'CCS追っかけ'!$Q$5:$Q$504,">="&N$84,'CCS追っかけ'!$Q$5:$Q$504,"<"&(N$84+7))) | O93: =IF($A93="","",SUM(B93:N93))
A94: ='📊ダッシュボード'!A17&"" | B94: =IF(OR($A94="",B$84>TODAY()),"",COUNTIFS('CCS追っかけ'!$B$5:$B$504,$A94,'CCS追っかけ'!$P$5:$P$504,"✅正式",'CCS追っかけ'!$Q$5:$Q$504,">="&B$84,'CCS追っかけ'!$Q$5:$Q$504,"<"&(B$84+7))) | C94: =IF(OR($A94="",C$84>TODAY()),"",COUNTIFS('CCS追っかけ'!$B$5:$B$504,$A94,'CCS追っかけ'!$P$5:$P$504,"✅正式",'CCS追っかけ'!$Q$5:$Q$504,">="&C$84,'CCS追っかけ'!$Q$5:$Q$504,"<"&(C$84+7))) | D94: =IF(OR($A94="",D$84>TODAY()),"",COUNTIFS('CCS追っかけ'!$B$5:$B$504,$A94,'CCS追っかけ'!$P$5:$P$504,"✅正式",'CCS追っかけ'!$Q$5:$Q$504,">="&D$84,'CCS追っかけ'!$Q$5:$Q$504,"<"&(D$84+7))) | E94: =IF(OR($A94="",E$84>TODAY()),"",COUNTIFS('CCS追っかけ'!$B$5:$B$504,$A94,'CCS追っかけ'!$P$5:$P$504,"✅正式",'CCS追っかけ'!$Q$5:$Q$504,">="&E$84,'CCS追っかけ'!$Q$5:$Q$504,"<"&(E$84+7))) | F94: =IF(OR($A94="",F$84>TODAY()),"",COUNTIFS('CCS追っかけ'!$B$5:$B$504,$A94,'CCS追っかけ'!$P$5:$P$504,"✅正式",'CCS追っかけ'!$Q$5:$Q$504,">="&F$84,'CCS追っかけ'!$Q$5:$Q$504,"<"&(F$84+7))) | G94: =IF(OR($A94="",G$84>TODAY()),"",COUNTIFS('CCS追っかけ'!$B$5:$B$504,$A94,'CCS追っかけ'!$P$5:$P$504,"✅正式",'CCS追っかけ'!$Q$5:$Q$504,">="&G$84,'CCS追っかけ'!$Q$5:$Q$504,"<"&(G$84+7))) | H94: =IF(OR($A94="",H$84>TODAY()),"",COUNTIFS('CCS追っかけ'!$B$5:$B$504,$A94,'CCS追っかけ'!$P$5:$P$504,"✅正式",'CCS追っかけ'!$Q$5:$Q$504,">="&H$84,'CCS追っかけ'!$Q$5:$Q$504,"<"&(H$84+7))) | I94: =IF(OR($A94="",I$84>TODAY()),"",COUNTIFS('CCS追っかけ'!$B$5:$B$504,$A94,'CCS追っかけ'!$P$5:$P$504,"✅正式",'CCS追っかけ'!$Q$5:$Q$504,">="&I$84,'CCS追っかけ'!$Q$5:$Q$504,"<"&(I$84+7))) | ... N94: =IF(OR($A94="",N$84>TODAY()),"",COUNTIFS('CCS追っかけ'!$B$5:$B$504,$A94,'CCS追っかけ'!$P$5:$P$504,"✅正式",'CCS追っかけ'!$Q$5:$Q$504,">="&N$84,'CCS追っかけ'!$Q$5:$Q$504,"<"&(N$84+7))) | O94: =IF($A94="","",SUM(B94:N94))
A95: ='📊ダッシュボード'!A18&"" | B95: =IF(OR($A95="",B$84>TODAY()),"",COUNTIFS('CCS追っかけ'!$B$5:$B$504,$A95,'CCS追っかけ'!$P$5:$P$504,"✅正式",'CCS追っかけ'!$Q$5:$Q$504,">="&B$84,'CCS追っかけ'!$Q$5:$Q$504,"<"&(B$84+7))) | C95: =IF(OR($A95="",C$84>TODAY()),"",COUNTIFS('CCS追っかけ'!$B$5:$B$504,$A95,'CCS追っかけ'!$P$5:$P$504,"✅正式",'CCS追っかけ'!$Q$5:$Q$504,">="&C$84,'CCS追っかけ'!$Q$5:$Q$504,"<"&(C$84+7))) | D95: =IF(OR($A95="",D$84>TODAY()),"",COUNTIFS('CCS追っかけ'!$B$5:$B$504,$A95,'CCS追っかけ'!$P$5:$P$504,"✅正式",'CCS追っかけ'!$Q$5:$Q$504,">="&D$84,'CCS追っかけ'!$Q$5:$Q$504,"<"&(D$84+7))) | E95: =IF(OR($A95="",E$84>TODAY()),"",COUNTIFS('CCS追っかけ'!$B$5:$B$504,$A95,'CCS追っかけ'!$P$5:$P$504,"✅正式",'CCS追っかけ'!$Q$5:$Q$504,">="&E$84,'CCS追っかけ'!$Q$5:$Q$504,"<"&(E$84+7))) | F95: =IF(OR($A95="",F$84>TODAY()),"",COUNTIFS('CCS追っかけ'!$B$5:$B$504,$A95,'CCS追っかけ'!$P$5:$P$504,"✅正式",'CCS追っかけ'!$Q$5:$Q$504,">="&F$84,'CCS追っかけ'!$Q$5:$Q$504,"<"&(F$84+7))) | G95: =IF(OR($A95="",G$84>TODAY()),"",COUNTIFS('CCS追っかけ'!$B$5:$B$504,$A95,'CCS追っかけ'!$P$5:$P$504,"✅正式",'CCS追っかけ'!$Q$5:$Q$504,">="&G$84,'CCS追っかけ'!$Q$5:$Q$504,"<"&(G$84+7))) | H95: =IF(OR($A95="",H$84>TODAY()),"",COUNTIFS('CCS追っかけ'!$B$5:$B$504,$A95,'CCS追っかけ'!$P$5:$P$504,"✅正式",'CCS追っかけ'!$Q$5:$Q$504,">="&H$84,'CCS追っかけ'!$Q$5:$Q$504,"<"&(H$84+7))) | I95: =IF(OR($A95="",I$84>TODAY()),"",COUNTIFS('CCS追っかけ'!$B$5:$B$504,$A95,'CCS追っかけ'!$P$5:$P$504,"✅正式",'CCS追っかけ'!$Q$5:$Q$504,">="&I$84,'CCS追っかけ'!$Q$5:$Q$504,"<"&(I$84+7))) | ... N95: =IF(OR($A95="",N$84>TODAY()),"",COUNTIFS('CCS追っかけ'!$B$5:$B$504,$A95,'CCS追っかけ'!$P$5:$P$504,"✅正式",'CCS追っかけ'!$Q$5:$Q$504,">="&N$84,'CCS追っかけ'!$Q$5:$Q$504,"<"&(N$84+7))) | O95: =IF($A95="","",SUM(B95:N95))
A96: ='📊ダッシュボード'!A19&"" | B96: =IF(OR($A96="",B$84>TODAY()),"",COUNTIFS('CCS追っかけ'!$B$5:$B$504,$A96,'CCS追っかけ'!$P$5:$P$504,"✅正式",'CCS追っかけ'!$Q$5:$Q$504,">="&B$84,'CCS追っかけ'!$Q$5:$Q$504,"<"&(B$84+7))) | C96: =IF(OR($A96="",C$84>TODAY()),"",COUNTIFS('CCS追っかけ'!$B$5:$B$504,$A96,'CCS追っかけ'!$P$5:$P$504,"✅正式",'CCS追っかけ'!$Q$5:$Q$504,">="&C$84,'CCS追っかけ'!$Q$5:$Q$504,"<"&(C$84+7))) | D96: =IF(OR($A96="",D$84>TODAY()),"",COUNTIFS('CCS追っかけ'!$B$5:$B$504,$A96,'CCS追っかけ'!$P$5:$P$504,"✅正式",'CCS追っかけ'!$Q$5:$Q$504,">="&D$84,'CCS追っかけ'!$Q$5:$Q$504,"<"&(D$84+7))) | E96: =IF(OR($A96="",E$84>TODAY()),"",COUNTIFS('CCS追っかけ'!$B$5:$B$504,$A96,'CCS追っかけ'!$P$5:$P$504,"✅正式",'CCS追っかけ'!$Q$5:$Q$504,">="&E$84,'CCS追っかけ'!$Q$5:$Q$504,"<"&(E$84+7))) | F96: =IF(OR($A96="",F$84>TODAY()),"",COUNTIFS('CCS追っかけ'!$B$5:$B$504,$A96,'CCS追っかけ'!$P$5:$P$504,"✅正式",'CCS追っかけ'!$Q$5:$Q$504,">="&F$84,'CCS追っかけ'!$Q$5:$Q$504,"<"&(F$84+7))) | G96: =IF(OR($A96="",G$84>TODAY()),"",COUNTIFS('CCS追っかけ'!$B$5:$B$504,$A96,'CCS追っかけ'!$P$5:$P$504,"✅正式",'CCS追っかけ'!$Q$5:$Q$504,">="&G$84,'CCS追っかけ'!$Q$5:$Q$504,"<"&(G$84+7))) | H96: =IF(OR($A96="",H$84>TODAY()),"",COUNTIFS('CCS追っかけ'!$B$5:$B$504,$A96,'CCS追っかけ'!$P$5:$P$504,"✅正式",'CCS追っかけ'!$Q$5:$Q$504,">="&H$84,'CCS追っかけ'!$Q$5:$Q$504,"<"&(H$84+7))) | I96: =IF(OR($A96="",I$84>TODAY()),"",COUNTIFS('CCS追っかけ'!$B$5:$B$504,$A96,'CCS追っかけ'!$P$5:$P$504,"✅正式",'CCS追っかけ'!$Q$5:$Q$504,">="&I$84,'CCS追っかけ'!$Q$5:$Q$504,"<"&(I$84+7))) | ... N96: =IF(OR($A96="",N$84>TODAY()),"",COUNTIFS('CCS追っかけ'!$B$5:$B$504,$A96,'CCS追っかけ'!$P$5:$P$504,"✅正式",'CCS追っかけ'!$Q$5:$Q$504,">="&N$84,'CCS追っかけ'!$Q$5:$Q$504,"<"&(N$84+7))) | O96: =IF($A96="","",SUM(B96:N96))
... A104: ='📊ダッシュボード'!A27&"" | B104: =IF(OR($A104="",B$84>TODAY()),"",COUNTIFS('CCS追っかけ'!$B$5:$B$504,$A104,'CCS追っかけ'!$P$5:$P$504,"✅正式",'CCS追っかけ'!$Q$5:$Q$504,">="&B$84,'CCS追っかけ'!$Q$5:$Q$504,"<"&(B$84+7))) | C104: =IF(OR($A104="",C$84>TODAY()),"",COUNTIFS('CCS追っかけ'!$B$5:$B$504,$A104,'CCS追っかけ'!$P$5:$P$504,"✅正式",'CCS追っかけ'!$Q$5:$Q$504,">="&C$84,'CCS追っかけ'!$Q$5:$Q$504,"<"&(C$84+7))) | D104: =IF(OR($A104="",D$84>TODAY()),"",COUNTIFS('CCS追っかけ'!$B$5:$B$504,$A104,'CCS追っかけ'!$P$5:$P$504,"✅正式",'CCS追っかけ'!$Q$5:$Q$504,">="&D$84,'CCS追っかけ'!$Q$5:$Q$504,"<"&(D$84+7))) | E104: =IF(OR($A104="",E$84>TODAY()),"",COUNTIFS('CCS追っかけ'!$B$5:$B$504,$A104,'CCS追っかけ'!$P$5:$P$504,"✅正式",'CCS追っかけ'!$Q$5:$Q$504,">="&E$84,'CCS追っかけ'!$Q$5:$Q$504,"<"&(E$84+7))) | F104: =IF(OR($A104="",F$84>TODAY()),"",COUNTIFS('CCS追っかけ'!$B$5:$B$504,$A104,'CCS追っかけ'!$P$5:$P$504,"✅正式",'CCS追っかけ'!$Q$5:$Q$504,">="&F$84,'CCS追っかけ'!$Q$5:$Q$504,"<"&(F$84+7))) | G104: =IF(OR($A104="",G$84>TODAY()),"",COUNTIFS('CCS追っかけ'!$B$5:$B$504,$A104,'CCS追っかけ'!$P$5:$P$504,"✅正式",'CCS追っかけ'!$Q$5:$Q$504,">="&G$84,'CCS追っかけ'!$Q$5:$Q$504,"<"&(G$84+7))) | H104: =IF(OR($A104="",H$84>TODAY()),"",COUNTIFS('CCS追っかけ'!$B$5:$B$504,$A104,'CCS追っかけ'!$P$5:$P$504,"✅正式",'CCS追っかけ'!$Q$5:$Q$504,">="&H$84,'CCS追っかけ'!$Q$5:$Q$504,"<"&(H$84+7))) | I104: =IF(OR($A104="",I$84>TODAY()),"",COUNTIFS('CCS追っかけ'!$B$5:$B$504,$A104,'CCS追っかけ'!$P$5:$P$504,"✅正式",'CCS追っかけ'!$Q$5:$Q$504,">="&I$84,'CCS追っかけ'!$Q$5:$Q$504,"<"&(I$84+7))) | ... N104: =IF(OR($A104="",N$84>TODAY()),"",COUNTIFS('CCS追っかけ'!$B$5:$B$504,$A104,'CCS追っかけ'!$P$5:$P$504,"✅正式",'CCS追っかけ'!$Q$5:$Q$504,">="&N$84,'CCS追っかけ'!$Q$5:$Q$504,"<"&(N$84+7))) | O104: =IF($A104="","",SUM(B104:N104))
A105: リージョン合計 | B105: =IF(B$84>TODAY(),"",SUM(B85:B104)) | C105: =IF(C$84>TODAY(),"",SUM(C85:C104)) | D105: =IF(D$84>TODAY(),"",SUM(D85:D104)) | E105: =IF(E$84>TODAY(),"",SUM(E85:E104)) | F105: =IF(F$84>TODAY(),"",SUM(F85:F104)) | G105: =IF(G$84>TODAY(),"",SUM(G85:G104)) | H105: =IF(H$84>TODAY(),"",SUM(H85:H104)) | I105: =IF(I$84>TODAY(),"",SUM(I85:I104)) | ... N105: =IF(N$84>TODAY(),"",SUM(N85:N104)) | O105: =SUM(O85:O104)

Sheet CCS追っかけ
A1: CCS追っかけ（リストアップ〜入会まで・全ローンチ共通・1人1行）
A2: 担当＝リストアップしたメンバー。担当がCCSまで追いかけます。申込書・振込控え・プリコア同意書の3つが✓で『✅正式』（RCSローンチ方針(7)）。現状や✓を編集すると最終接触日は自動で今日（GAS）
A4: No | B4: ローンチ（LD名） | C4: 担当（リストアップしたメンバー） | D4: 見込み客名 | E4: ふりがな | F4: カテゴリー | G4: 会社名 | H4: 電話番号 | I4: メール | J4: 現状 | K4: CCS日 | L4: CCS実施（DNA） | M4: 申込書 | N4: 振込控え | O4: プリコア同意書 | P4: 手続き判定 | Q4: 正式化日 | R4: 最終接触日 | S4: 放置日数 | T4: 次のアクション | U4: 期日 | V4: 状態 | W4: アラート | X4: 行動リスト | Y4: 備考
A5: =IF(D5="","",ROW()-4) | P5: =IF(D5="","",IF(AND(M5="✓",N5="✓",O5="✓"),"✅正式",IF(M5&N5&O5="","入会前","手続き中"))) | S5: =IF(OR(D5="",R5=""),"",TODAY()-R5) | W5: =IF(OR(D5="",V5="辞退",V5="保留",P5="✅正式"),"",TRIM(IF(AND(U5<>"",U5<TODAY()),"期日超過 ","")&IF(AND(S5<>"",S5>='設定'!$B$9),"放置"&S5&"日 ","")&IF(AND(J5="CCS済",M5<>"✓"),"CCS後の申込待ち ","")&IF(AND(M5="✓",N5<>"✓"),"振込待ち ","")&IF(AND(N5="✓",O5<>"✓"),"同意書待ち ","")&IF(T5="","次アクション未設定","")))
A6: =IF(D6="","",ROW()-4) | P6: =IF(D6="","",IF(AND(M6="✓",N6="✓",O6="✓"),"✅正式",IF(M6&N6&O6="","入会前","手続き中"))) | S6: =IF(OR(D6="",R6=""),"",TODAY()-R6) | W6: =IF(OR(D6="",V6="辞退",V6="保留",P6="✅正式"),"",TRIM(IF(AND(U6<>"",U6<TODAY()),"期日超過 ","")&IF(AND(S6<>"",S6>='設定'!$B$9),"放置"&S6&"日 ","")&IF(AND(J6="CCS済",M6<>"✓"),"CCS後の申込待ち ","")&IF(AND(M6="✓",N6<>"✓"),"振込待ち ","")&IF(AND(N6="✓",O6<>"✓"),"同意書待ち ","")&IF(T6="","次アクション未設定","")))
A7: =IF(D7="","",ROW()-4) | P7: =IF(D7="","",IF(AND(M7="✓",N7="✓",O7="✓"),"✅正式",IF(M7&N7&O7="","入会前","手続き中"))) | S7: =IF(OR(D7="",R7=""),"",TODAY()-R7) | W7: =IF(OR(D7="",V7="辞退",V7="保留",P7="✅正式"),"",TRIM(IF(AND(U7<>"",U7<TODAY()),"期日超過 ","")&IF(AND(S7<>"",S7>='設定'!$B$9),"放置"&S7&"日 ","")&IF(AND(J7="CCS済",M7<>"✓"),"CCS後の申込待ち ","")&IF(AND(M7="✓",N7<>"✓"),"振込待ち ","")&IF(AND(N7="✓",O7<>"✓"),"同意書待ち ","")&IF(T7="","次アクション未設定","")))
A8: =IF(D8="","",ROW()-4) | P8: =IF(D8="","",IF(AND(M8="✓",N8="✓",O8="✓"),"✅正式",IF(M8&N8&O8="","入会前","手続き中"))) | S8: =IF(OR(D8="",R8=""),"",TODAY()-R8) | W8: =IF(OR(D8="",V8="辞退",V8="保留",P8="✅正式"),"",TRIM(IF(AND(U8<>"",U8<TODAY()),"期日超過 ","")&IF(AND(S8<>"",S8>='設定'!$B$9),"放置"&S8&"日 ","")&IF(AND(J8="CCS済",M8<>"✓"),"CCS後の申込待ち ","")&IF(AND(M8="✓",N8<>"✓"),"振込待ち ","")&IF(AND(N8="✓",O8<>"✓"),"同意書待ち ","")&IF(T8="","次アクション未設定","")))
A9: =IF(D9="","",ROW()-4) | P9: =IF(D9="","",IF(AND(M9="✓",N9="✓",O9="✓"),"✅正式",IF(M9&N9&O9="","入会前","手続き中"))) | S9: =IF(OR(D9="",R9=""),"",TODAY()-R9) | W9: =IF(OR(D9="",V9="辞退",V9="保留",P9="✅正式"),"",TRIM(IF(AND(U9<>"",U9<TODAY()),"期日超過 ","")&IF(AND(S9<>"",S9>='設定'!$B$9),"放置"&S9&"日 ","")&IF(AND(J9="CCS済",M9<>"✓"),"CCS後の申込待ち ","")&IF(AND(M9="✓",N9<>"✓"),"振込待ち ","")&IF(AND(N9="✓",O9<>"✓"),"同意書待ち ","")&IF(T9="","次アクション未設定","")))
A10: =IF(D10="","",ROW()-4) | P10: =IF(D10="","",IF(AND(M10="✓",N10="✓",O10="✓"),"✅正式",IF(M10&N10&O10="","入会前","手続き中"))) | S10: =IF(OR(D10="",R10=""),"",TODAY()-R10) | W10: =IF(OR(D10="",V10="辞退",V10="保留",P10="✅正式"),"",TRIM(IF(AND(U10<>"",U10<TODAY()),"期日超過 ","")&IF(AND(S10<>"",S10>='設定'!$B$9),"放置"&S10&"日 ","")&IF(AND(J10="CCS済",M10<>"✓"),"CCS後の申込待ち ","")&IF(AND(M10="✓",N10<>"✓"),"振込待ち ","")&IF(AND(N10="✓",O10<>"✓"),"同意書待ち ","")&IF(T10="","次アクション未設定","")))
A11: =IF(D11="","",ROW()-4) | P11: =IF(D11="","",IF(AND(M11="✓",N11="✓",O11="✓"),"✅正式",IF(M11&N11&O11="","入会前","手続き中"))) | S11: =IF(OR(D11="",R11=""),"",TODAY()-R11) | W11: =IF(OR(D11="",V11="辞退",V11="保留",P11="✅正式"),"",TRIM(IF(AND(U11<>"",U11<TODAY()),"期日超過 ","")&IF(AND(S11<>"",S11>='設定'!$B$9),"放置"&S11&"日 ","")&IF(AND(J11="CCS済",M11<>"✓"),"CCS後の申込待ち ","")&IF(AND(M11="✓",N11<>"✓"),"振込待ち ","")&IF(AND(N11="✓",O11<>"✓"),"同意書待ち ","")&IF(T11="","次アクション未設定","")))
A12: =IF(D12="","",ROW()-4) | P12: =IF(D12="","",IF(AND(M12="✓",N12="✓",O12="✓"),"✅正式",IF(M12&N12&O12="","入会前","手続き中"))) | S12: =IF(OR(D12="",R12=""),"",TODAY()-R12) | W12: =IF(OR(D12="",V12="辞退",V12="保留",P12="✅正式"),"",TRIM(IF(AND(U12<>"",U12<TODAY()),"期日超過 ","")&IF(AND(S12<>"",S12>='設定'!$B$9),"放置"&S12&"日 ","")&IF(AND(J12="CCS済",M12<>"✓"),"CCS後の申込待ち ","")&IF(AND(M12="✓",N12<>"✓"),"振込待ち ","")&IF(AND(N12="✓",O12<>"✓"),"同意書待ち ","")&IF(T12="","次アクション未設定","")))
A13: =IF(D13="","",ROW()-4) | P13: =IF(D13="","",IF(AND(M13="✓",N13="✓",O13="✓"),"✅正式",IF(M13&N13&O13="","入会前","手続き中"))) | S13: =IF(OR(D13="",R13=""),"",TODAY()-R13) | W13: =IF(OR(D13="",V13="辞退",V13="保留",P13="✅正式"),"",TRIM(IF(AND(U13<>"",U13<TODAY()),"期日超過 ","")&IF(AND(S13<>"",S13>='設定'!$B$9),"放置"&S13&"日 ","")&IF(AND(J13="CCS済",M13<>"✓"),"CCS後の申込待ち ","")&IF(AND(M13="✓",N13<>"✓"),"振込待ち ","")&IF(AND(N13="✓",O13<>"✓"),"同意書待ち ","")&IF(T13="","次アクション未設定","")))
A14: =IF(D14="","",ROW()-4) | P14: =IF(D14="","",IF(AND(M14="✓",N14="✓",O14="✓"),"✅正式",IF(M14&N14&O14="","入会前","手続き中"))) | S14: =IF(OR(D14="",R14=""),"",TODAY()-R14) | W14: =IF(OR(D14="",V14="辞退",V14="保留",P14="✅正式"),"",TRIM(IF(AND(U14<>"",U14<TODAY()),"期日超過 ","")&IF(AND(S14<>"",S14>='設定'!$B$9),"放置"&S14&"日 ","")&IF(AND(J14="CCS済",M14<>"✓"),"CCS後の申込待ち ","")&IF(AND(M14="✓",N14<>"✓"),"振込待ち ","")&IF(AND(N14="✓",O14<>"✓"),"同意書待ち ","")&IF(T14="","次アクション未設定","")))
A15: =IF(D15="","",ROW()-4) | P15: =IF(D15="","",IF(AND(M15="✓",N15="✓",O15="✓"),"✅正式",IF(M15&N15&O15="","入会前","手続き中"))) | S15: =IF(OR(D15="",R15=""),"",TODAY()-R15) | W15: =IF(OR(D15="",V15="辞退",V15="保留",P15="✅正式"),"",TRIM(IF(AND(U15<>"",U15<TODAY()),"期日超過 ","")&IF(AND(S15<>"",S15>='設定'!$B$9),"放置"&S15&"日 ","")&IF(AND(J15="CCS済",M15<>"✓"),"CCS後の申込待ち ","")&IF(AND(M15="✓",N15<>"✓"),"振込待ち ","")&IF(AND(N15="✓",O15<>"✓"),"同意書待ち ","")&IF(T15="","次アクション未設定","")))
A16: =IF(D16="","",ROW()-4) | P16: =IF(D16="","",IF(AND(M16="✓",N16="✓",O16="✓"),"✅正式",IF(M16&N16&O16="","入会前","手続き中"))) | S16: =IF(OR(D16="",R16=""),"",TODAY()-R16) | W16: =IF(OR(D16="",V16="辞退",V16="保留",P16="✅正式"),"",TRIM(IF(AND(U16<>"",U16<TODAY()),"期日超過 ","")&IF(AND(S16<>"",S16>='設定'!$B$9),"放置"&S16&"日 ","")&IF(AND(J16="CCS済",M16<>"✓"),"CCS後の申込待ち ","")&IF(AND(M16="✓",N16<>"✓"),"振込待ち ","")&IF(AND(N16="✓",O16<>"✓"),"同意書待ち ","")&IF(T16="","次アクション未設定","")))
... A504: =IF(D504="","",ROW()-4) | P504: =IF(D504="","",IF(AND(M504="✓",N504="✓",O504="✓"),"✅正式",IF(M504&N504&O504="","入会前","手続き中"))) | S504: =IF(OR(D504="",R504=""),"",TODAY()-R504) | W504: =IF(OR(D504="",V504="辞退",V504="保留",P504="✅正式"),"",TRIM(IF(AND(U504<>"",U504<TODAY()),"期日超過 ","")&IF(AND(S504<>"",S504>='設定'!$B$9),"放置"&S504&"日 ","")&IF(AND(J504="CCS済",M504<>"✓"),"CCS後の申込待ち ","")&IF(AND(M504="✓",N504<>"✓"),"振込待ち ","")&IF(AND(N504="✓",O504<>"✓"),"同意書待ち ","")&IF(T504="","次アクション未設定","")))

Sheet 担当別CCS
A1: 担当別CCS状況（ローンチ × 担当メンバー）
A2: メニュー「🚀ローンチ管理」→「入会者の行動リストを作成・同期」で作成／自動実行ONなら毎日自動更新。誰が何人をCCSにつないだかが分かります

Sheet 入会後行動リスト
A1: 入会後行動リスト（本人のタスク＋DNAのタスク）
A2: 正式化されるとGASが行動マスタから自動作成。完了したら✓（完了日は自動）。担当者・期限は手で変えてOK
A4: 氏名 | B4: ローンチ（LD名） | C4: 順 | D4: タスク | E4: 区分 | F4: 担当者 | G4: 期限 | H4: 完了 | I4: 完了日 | J4: 状況 | K4: メモ | L4: キー
J5: =IF(D5="","",IF(H5="✓","完了",IF(G5="","",IF(G5<TODAY(),"期限超過",IF(G5=TODAY(),"今日まで","予定")))))
J6: =IF(D6="","",IF(H6="✓","完了",IF(G6="","",IF(G6<TODAY(),"期限超過",IF(G6=TODAY(),"今日まで","予定")))))
J7: =IF(D7="","",IF(H7="✓","完了",IF(G7="","",IF(G7<TODAY(),"期限超過",IF(G7=TODAY(),"今日まで","予定")))))
J8: =IF(D8="","",IF(H8="✓","完了",IF(G8="","",IF(G8<TODAY(),"期限超過",IF(G8=TODAY(),"今日まで","予定")))))
J9: =IF(D9="","",IF(H9="✓","完了",IF(G9="","",IF(G9<TODAY(),"期限超過",IF(G9=TODAY(),"今日まで","予定")))))
J10: =IF(D10="","",IF(H10="✓","完了",IF(G10="","",IF(G10<TODAY(),"期限超過",IF(G10=TODAY(),"今日まで","予定")))))
J11: =IF(D11="","",IF(H11="✓","完了",IF(G11="","",IF(G11<TODAY(),"期限超過",IF(G11=TODAY(),"今日まで","予定")))))
J12: =IF(D12="","",IF(H12="✓","完了",IF(G12="","",IF(G12<TODAY(),"期限超過",IF(G12=TODAY(),"今日まで","予定")))))
J13: =IF(D13="","",IF(H13="✓","完了",IF(G13="","",IF(G13<TODAY(),"期限超過",IF(G13=TODAY(),"今日まで","予定")))))
J14: =IF(D14="","",IF(H14="✓","完了",IF(G14="","",IF(G14<TODAY(),"期限超過",IF(G14=TODAY(),"今日まで","予定")))))
J15: =IF(D15="","",IF(H15="✓","完了",IF(G15="","",IF(G15<TODAY(),"期限超過",IF(G15=TODAY(),"今日まで","予定")))))
J16: =IF(D16="","",IF(H16="✓","完了",IF(G16="","",IF(G16<TODAY(),"期限超過",IF(G16=TODAY(),"今日まで","予定")))))
... J2004: =IF(D2004="","",IF(H2004="✓","完了",IF(G2004="","",IF(G2004<TODAY(),"期限超過",IF(G2004=TODAY(),"今日まで","予定")))))

Sheet 入会後進捗
A1: 入会後進捗（入会者 × 行動）
A2: メニュー「🚀ローンチ管理」→「入会者の行動リストを作成・同期」で作成／自動実行ONなら毎日自動更新

Sheet 日次ログ
A1: 日次ログ（毎日1ローンチ1行・活動ゼロの日も0で入力）
A2: 数字は“その日に増えた件数”。正式プリコア数はCCS追っかけから自動集計されるので、ここには書きません
A4: 日付 | B4: ローンチ（LD名） | C4: 入力者 | D4: 声かけ数 | E4: インフォ参加 | F4: 面談実施 | G4: 新規申込 | H4: 新規入金 | I4: 新規同意書 | J4: 今日のひとこと・課題 | K4: ヘルプ要否

Sheet 竹尾純子
A1: 竹尾純子｜ローンチチーム形成シート
A3: 項目 | B3: 内容・候補者 | C3: 役割／期待すること | D3: 声かけ・進捗メモ | E3: 声かけ状況
A4: 管轄エリア | B4: JJ
A5: ローンチディレクター | B5: 竹尾純子
A6: チャプター名
A7: 定例会日時
A8: 初回定例会目安
A9: CCS担当① | E9: 未着手
A10: CCS担当② | E10: 未着手
A11: CCS担当③ | E11: 未着手
A12: CCS担当④ | E12: 未着手
A13: MS・メンター① | E13: 未着手
A14: MS・メンター② | E14: 未着手
A15: MS・メンター③ | E15: 未着手
A16: MS・メンター④ | E16: 未着手
A17: 全体サポート① | E17: 未着手
A18: 全体サポート② | E18: 未着手
A19: 全体サポート③ | E19: 未着手
A20: 全体サポート④ | E20: 未着手
A21: その他・必要な役割 | E21: 未着手
A23: ■ ローンチ進捗（毎週月曜 9:00 のローンチMTG前に更新）
A24: 現フェーズ | B24: 準備中
A25: フェーズ開始日
A26: フェーズ目標人数（正式プリコア）
A27: 今週の課題・EDへの相談
A28: ローンチ詳細シートURL（NOBELIA型）

Sheet 福重孝一
A1: 福重孝一｜ローンチチーム形成シート
A3: 項目 | B3: 内容・候補者 | C3: 役割／期待すること | D3: 声かけ・進捗メモ | E3: 声かけ状況
A4: 管轄エリア | B4: Believe
A5: ローンチディレクター | B5: 福重孝一
A6: チャプター名
A7: 定例会日時
A8: 初回定例会目安
A9: CCS担当① | E9: 未着手
A10: CCS担当② | E10: 未着手
A11: CCS担当③ | E11: 未着手
A12: CCS担当④ | E12: 未着手
A13: MS・メンター① | E13: 未着手
A14: MS・メンター② | E14: 未着手
A15: MS・メンター③ | E15: 未着手
A16: MS・メンター④ | E16: 未着手
A17: 全体サポート① | E17: 未着手
A18: 全体サポート② | E18: 未着手
A19: 全体サポート③ | E19: 未着手
A20: 全体サポート④ | E20: 未着手
A21: その他・必要な役割 | E21: 未着手
A23: ■ ローンチ進捗（毎週月曜 9:00 のローンチMTG前に更新）
A24: 現フェーズ | B24: 準備中
A25: フェーズ開始日
A26: フェーズ目標人数（正式プリコア）
A27: 今週の課題・EDへの相談
A28: ローンチ詳細シートURL（NOBELIA型）

Sheet 矢野貴之
A1: 矢野貴之｜ローンチチーム形成シート
A3: 項目 | B3: 内容・候補者 | C3: 役割／期待すること | D3: 声かけ・進捗メモ | E3: 声かけ状況
A4: 管轄エリア | B4: チェキン
A5: ローンチディレクター | B5: 矢野貴之
A6: チャプター名
A7: 定例会日時
A8: 初回定例会目安
A9: CCS担当① | E9: 未着手
A10: CCS担当② | E10: 未着手
A11: CCS担当③ | E11: 未着手
A12: CCS担当④ | E12: 未着手
A13: MS・メンター① | E13: 未着手
A14: MS・メンター② | E14: 未着手
A15: MS・メンター③ | E15: 未着手
A16: MS・メンター④ | E16: 未着手
A17: 全体サポート① | E17: 未着手
A18: 全体サポート② | E18: 未着手
A19: 全体サポート③ | E19: 未着手
A20: 全体サポート④ | E20: 未着手
A21: その他・必要な役割 | E21: 未着手
A23: ■ ローンチ進捗（毎週月曜 9:00 のローンチMTG前に更新）
A24: 現フェーズ | B24: 準備中
A25: フェーズ開始日
A26: フェーズ目標人数（正式プリコア）
A27: 今週の課題・EDへの相談
A28: ローンチ詳細シートURL（NOBELIA型）

Sheet 榎田秀一
A1: 榎田秀一｜ローンチチーム形成シート
A3: 項目 | B3: 内容・候補者 | C3: 役割／期待すること | D3: 声かけ・進捗メモ | E3: 声かけ状況
A4: 管轄エリア | B4: JJ
A5: ローンチディレクター | B5: 榎田秀一
A6: チャプター名
A7: 定例会日時
A8: 初回定例会目安
A9: CCS担当① | E9: 未着手
A10: CCS担当② | E10: 未着手
A11: CCS担当③ | E11: 未着手
A12: CCS担当④ | E12: 未着手
A13: MS・メンター① | E13: 未着手
A14: MS・メンター② | E14: 未着手
A15: MS・メンター③ | E15: 未着手
A16: MS・メンター④ | E16: 未着手
A17: 全体サポート① | E17: 未着手
A18: 全体サポート② | E18: 未着手
A19: 全体サポート③ | E19: 未着手
A20: 全体サポート④ | E20: 未着手
A21: その他・必要な役割 | E21: 未着手
A23: ■ ローンチ進捗（毎週月曜 9:00 のローンチMTG前に更新）
A24: 現フェーズ | B24: 準備中
A25: フェーズ開始日
A26: フェーズ目標人数（正式プリコア）
A27: 今週の課題・EDへの相談
A28: ローンチ詳細シートURL（NOBELIA型）

Sheet 世良真貴男
A1: 世良真貴男｜ローンチチーム形成シート
A3: 項目 | B3: 内容・候補者 | C3: 役割／期待すること | D3: 声かけ・進捗メモ | E3: 声かけ状況
A4: 管轄エリア | B4: Believe
A5: ローンチディレクター | B5: 世良真貴男
A6: チャプター名
A7: 定例会日時
A8: 初回定例会目安
A9: CCS担当① | E9: 未着手
A10: CCS担当② | E10: 未着手
A11: CCS担当③ | E11: 未着手
A12: CCS担当④ | E12: 未着手
A13: MS・メンター① | E13: 未着手
A14: MS・メンター② | E14: 未着手
A15: MS・メンター③ | E15: 未着手
A16: MS・メンター④ | E16: 未着手
A17: 全体サポート① | E17: 未着手
A18: 全体サポート② | E18: 未着手
A19: 全体サポート③ | E19: 未着手
A20: 全体サポート④ | E20: 未着手
A21: その他・必要な役割 | E21: 未着手
A23: ■ ローンチ進捗（毎週月曜 9:00 のローンチMTG前に更新）
A24: 現フェーズ | B24: 準備中
A25: フェーズ開始日
A26: フェーズ目標人数（正式プリコア）
A27: 今週の課題・EDへの相談
A28: ローンチ詳細シートURL（NOBELIA型）

Sheet 松永健志
A1: 松永健志｜ローンチチーム形成シート
A3: 項目 | B3: 内容・候補者 | C3: 役割／期待すること | D3: 声かけ・進捗メモ | E3: 声かけ状況
A4: 管轄エリア | B4: チェキン
A5: ローンチディレクター | B5: 松永健志
A6: チャプター名
A7: 定例会日時
A8: 初回定例会目安
A9: CCS担当① | E9: 未着手
A10: CCS担当② | E10: 未着手
A11: CCS担当③ | E11: 未着手
A12: CCS担当④ | E12: 未着手
A13: MS・メンター① | E13: 未着手
A14: MS・メンター② | E14: 未着手
A15: MS・メンター③ | E15: 未着手
A16: MS・メンター④ | E16: 未着手
A17: 全体サポート① | E17: 未着手
A18: 全体サポート② | E18: 未着手
A19: 全体サポート③ | E19: 未着手
A20: 全体サポート④ | E20: 未着手
A21: その他・必要な役割 | E21: 未着手
A23: ■ ローンチ進捗（毎週月曜 9:00 のローンチMTG前に更新）
A24: 現フェーズ | B24: 準備中
A25: フェーズ開始日
A26: フェーズ目標人数（正式プリコア）
A27: 今週の課題・EDへの相談
A28: ローンチ詳細シートURL（NOBELIA型）

Sheet 中村剛
A1: 中村剛｜ローンチチーム形成シート
A3: 項目 | B3: 内容・候補者 | C3: 役割／期待すること | D3: 声かけ・進捗メモ | E3: 声かけ状況
A4: 管轄エリア | B4: JJ
A5: ローンチディレクター | B5: 中村剛
A6: チャプター名
A7: 定例会日時
A8: 初回定例会目安
A9: CCS担当① | E9: 未着手
A10: CCS担当② | E10: 未着手
A11: CCS担当③ | E11: 未着手
A12: CCS担当④ | E12: 未着手
A13: MS・メンター① | E13: 未着手
A14: MS・メンター② | E14: 未着手
A15: MS・メンター③ | E15: 未着手
A16: MS・メンター④ | E16: 未着手
A17: 全体サポート① | E17: 未着手
A18: 全体サポート② | E18: 未着手
A19: 全体サポート③ | E19: 未着手
A20: 全体サポート④ | E20: 未着手
A21: その他・必要な役割 | E21: 未着手
A23: ■ ローンチ進捗（毎週月曜 9:00 のローンチMTG前に更新）
A24: 現フェーズ | B24: 準備中
A25: フェーズ開始日
A26: フェーズ目標人数（正式プリコア）
A27: 今週の課題・EDへの相談
A28: ローンチ詳細シートURL（NOBELIA型）

Sheet 行動マスタ
A1: 行動マスタ（入会後の流れ）
A2: ハルモニアの『入会後の流れ』『メンバー表』の項目。期限＝正式化日＋日数。担当ロール：本人／担当（紹介したメンバー）／CCS実施（DNA）／LD。『本人リマインド』が要のタスクは本人へメール（GASでON時）
A4: 順 | B4: タスク | C4: 区分 | D4: 担当ロール | E4: 期限（正式化日＋日） | F4: 本人リマインド | G4: 備考（案内・DNAの動き方）
A5: 1 | B5: ウェルカムコール | C5: DNA | D5: CCS実施 | E5: 1 | F5: 不要 | G5: RCS：新メンバーには必ずウェルカムコール。入会後の流れを一緒に確認
A6: 2 | B6: FB登録 | C6: 本人 | D6: 本人 | E6: 2 | F6: 要 | G6: 毎日の活動をFBに投稿。FBがない方は作成
A7: 3 | B7: 公式LINE登録 | C7: 本人 | D7: 本人 | E7: 2 | F7: 要 | G7: 友だち追加後に名前を送る
A8: 4 | B8: FB・LINEグループ招待 | C8: DNA | D8: LD | E8: 3 | F8: 不要 | G8: 報告・班などのグループすべてに招待。参加を確認したら✓
A9: 5 | B9: 個性心理学（誕生日入力） | C9: 本人 | D9: 本人 | E9: 3 | F9: 要 | G9: ななメンター導入時は相性でメンターを決定
A10: 6 | B10: リストアップ開始 | C10: 本人 | D10: 本人 | E10: 3 | F10: 要 | G10: 自分のタブに見込みになりそうな方を記入。人脈資産のデータベースづくりと伝える
A11: 7 | B11: プロフィール写真提出 | C11: 本人 | D11: 本人 | E11: 7 | F11: 要 | G11: ビジネスにふさわしい写真。公式LINEへ送信でOK
A12: 8 | B12: 名刺写メ提出 | C12: 本人 | D12: 本人 | E12: 7 | F12: 要 | G12: 公式LINEへ送信でOK
A13: 9 | B13: BNIスタートガイドの視聴 | C13: 本人 | D13: 本人 | E13: 7 | F13: 要 | G13: https://welcome.bni.jp/
A14: 10 | B14: コネクト登録 | C14: DNA | D14: LD | E14: 10 | F14: 不要 | G14: BNI Connectの登録を確認
A15: 11 | B15: ショーケースチャプター参加（1回目） | C15: 本人 | D15: 本人 | E15: 14 | F15: 要 | G15: 行きたいチャプター日時をディレクターに伝える。感想をFBでシェア
A16: 12 | B16: 略歴・GAINSシート作成 | C16: 本人 | D16: 本人 | E16: 14 | F16: 要 | G16: 1to1の前に夢・目標・人脈を記入。URLを送り合う
A17: 13 | B17: ななメンター決定 | C17: DNA | D17: LD | E17: 14 | F17: 不要 | G17: 個性心理学の相性で決定
A18: 14 | B18: 名札制作 | C18: DNA | D18: LD | E18: 21 | F18: 不要
A19: 15 | B19: ショーケースチャプター参加（2回目） | C19: 本人 | D19: 本人 | E19: 28 | F19: 要
A20: 16 | B20: メンバーサクセスオリエンテーション（MSP）受講 | C20: 本人 | D20: 本人 | E20: 30 | F20: 要 | G20: RCS：1年目メンバーには受講を必ず確認
A21: 17 | B21: 第1回メンター | C21: DNA | D21: LD | E21: 30 | F21: 不要 | G21: メンターとの面談実施を確認
A22: 18 | B22: 第2回メンター | C22: DNA | D22: LD | E22: 60 | F22: 不要
A23: 19 | B23: 第3回メンター | C23: DNA | D23: LD | E23: 90 | F23: 不要
A24: 20 | B24: BNI Basic受講 | C24: 本人 | D24: 本人 | E24: 90 | F24: 要 | G24: RCS：ベーシックは最低年1回
A25: 21 | B25: 第4回メンター | C25: DNA | D25: LD | E25: 120 | F25: 不要
A26: 22 | B26: DNA面談2回目（4〜6ヶ月以内） | C26: DNA | D26: CCS実施 | E26: 150 | F26: 不要 | G26: Give/Gainの振り返りと目標の再設定
A27: 23 | B27: 第5回メンター | C27: DNA | D27: LD | E27: 150 | F27: 不要
A28: 24 | B28: 第6回メンター | C28: DNA | D28: LD | E28: 180 | F28: 不要
A29: 25 | B29: DNA面談3回目（7〜9ヶ月以内） | C29: DNA | D29: CCS実施 | E29: 240 | F29: 不要 | G29: 更新に向けた伴走。RCS：更新90日前には必ずコンタクト

Sheet 通知先
A1: 通知先（アラートメールの送り先）
A2: ローンチまとめはLDメール＋CCに届きます。右の表には担当メンバー・DNAの名前とメールを、CCS追っかけ・行動リストと同じ表記で入れてください
A4: ローンチ（LD名） | B4: LDメール | C4: CC（複数はカンマ区切り） | D4: メンバー用LINEグループ招待URL | F4: 名前（担当メンバー・DNA） | G4: メール
A5: 竹尾純子
A6: 福重孝一
A7: 矢野貴之
A8: 榎田秀一
A9: 世良真貴男
A10: 松永健志
A11: 中村剛

Sheet 設定
A1: 設定（ここを変えると全体に反映）
A2: A列の項目名はGASが読み取るので変更しないでください
A3: 項目 | B3: 値 | D3: フェーズ | E3: チーム | F3: 声かけ状況 | G3: 候補者の状態 | H3: 要否 | I3: LD一覧 | J3: 現状 | K3: 区分 | L3: 担当ロール
A4: フェーズ1期限（日） | B4: 42 | D4: 準備中 | E4: JJ | F4: 未着手 | G4: 進行中 | H4: 要 | I4: 竹尾純子 | J4: リストアップ済 | K4: 本人 | L4: 本人
A5: フェーズ2期限（日） | B5: 28 | D5: フェーズ1 | E5: Believe | F5: 打診中 | G5: 保留 | H5: 不要 | I5: 福重孝一 | J5: 説明会お誘い中 | K5: DNA | L5: 担当
A6: 黄色判定ライン（目標ペース比） | B6: 0.7 | D6: フェーズ2 | E6: チェキン | F6: 承諾 | G6: 辞退 | I6: 矢野貴之 | J6: チャプター見学お誘い中 | L6: CCS実施
A7: 期限間近アラート（残日数） | B7: 7 | D7: フェーズ3 | F7: 辞退 | I7: 榎田秀一 | J7: チャプター見学済 | L7: LD
A8: ログ未入力アラート（日） | B8: 3 | D8: 発足済 | I8: 世良真貴男 | J8: CCS依頼中
A9: CCS放置アラート（日） | B9: 3 | D9: 延長判断中 | I9: 松永健志 | J9: CCS日程確定
A10: 本人リマインド再送間隔（日） | B10: 2 | D10: 解散・移籍 | I10: 中村剛 | J10: CCS済
A11: 初回定例会前の警戒期間（日） | B11: 7 | J11: 検討中
A12: 週次推移の開始日（月曜） | B12: 46300

Sheet アラートログ
A1: アラートログ（自動記録）
A4: 日時 | B4: 種類 | C4: 宛先 | D4: 対象 | E4: 内容（先頭） | F4: キー
